{
  "format_version": 2,
  "params": {
    "stitch_bulge": 0.2849999964237213,
    "stitch_z": -1.0,
    "dy": 0.593999981880188,
    "radius": 0.19609999656677246,
    "ellipse_ratio": 0.7250000238418579,
    "loop_height_1": 1.055999994277954,
    "loop_height_2": 1.8359999656677246,
    "loop_height_3": 4.274999618530273,
    "loop_height_4": 4.9629998207092285
  },
  "bitmap": [
    [
      1.0,
      1.0
    ],
    [
      1.0,
      1.0
    ],
    [
      1.0,
      1.0
    ],
    [
      1.0,
      1.0
    ]
  ],
  "spline_control_rows": [
    [
      [
        -4.468961715698242,
        0.0,
        0.0
      ],
      [
        -3.107100486755371,
        0.679581880569458,
        0.9045085310935974
      ],
      [
        -3.991133213043213,
        1.7791684865951538,
        0.3454914391040802
      ],
      [
        -1.2412323951721191,
        1.7791683673858643,
        0.34549158811569214
      ],
      [
        -2.1252670288085938,
        0.6795817613601685,
        0.9045084714889526
      ],
      [
        -0.7634048461914062,
        0.0,
        0.0
      ],
      [
        0.5984563827514648,
        0.679581880569458,
        0.9045085310935974
      ],
      [
        -0.28557801246643066,
        1.7791684865951538,
        0.3454914391040802
      ],
      [
        2.464324951171875,
        1.7791683673858643,
        0.34549158811569214
      ],
      [
        1.5802898406982422,
        0.6795817613601685,
        0.9045084714889526
      ],
      [
        2.9421520233154297,
        0.0,
        0.0
      ]
    ],
    [
      [
        -4.241006851196289,
        1.0940364599227905,
        0.0
      ],
      [
        -3.107100486755371,
        1.7860195636749268,
        0.9045085310935974
      ],
      [
        -3.991133213043213,
        2.885606050491333,
        0.3454914391040802
      ],
      [
        -1.2412323951721191,
        2.885606050491333,
        0.34549158811569214
      ],
      [
        -2.1252670288085938,
        1.7860193252563477,
        0.9045084714889526
      ],
      [
        -0.7634048461914062,
        1.1064375638961792,
        0.0
      ],
      [
        0.5984563827514648,
        1.7860195636749268,
        0.9045085310935974
      ],
      [
        -0.28557801246643066,
        2.885606050491333,
        0.3454914391040802
      ],
      [
        2.464324951171875,
        2.885606050491333,
        0.34549158811569214
      ],
      [
        1.5802898406982422,
        1.7860193252563477,
        0.9045084714889526
      ],
      [
        2.9421520233154297,
        1.1064375638961792,
        0.0
      ]
    ],
    [
      [
        -4.468961715698242,
        2.2128751277923584,
        0.0
      ],
      [
        -3.107100486755371,
        2.8924572467803955,
        0.9045085310935974
      ],
      [
        -3.991133213043213,
        3.9920434951782227,
        0.3454914391040802
      ],
      [
        -1.2412323951721191,
        3.9920434951782227,
        0.34549158811569214
      ],
      [
        -2.1252670288085938,
        2.8924570083618164,
        0.9045084714889526
      ],
      [
        -0.7634048461914062,
        2.2128751277923584,
        0.0
      ],
      [
        0.5984563827514648,
        2.8924572467803955,
        0.9045085310935974
      ],
      [
        -0.28557801246643066,
        3.9920434951782227,
        0.3454914391040802
      ],
      [
        2.5504910945892334,
        4.017043590545654,
        0.5954915285110474
      ],
      [
        1.5802898406982422,
        2.8924570083618164,
        0.9045084714889526
      ],
      [
        2.9279048442840576,
        2.262478828430176,
        0.0
      ]
    ],
    [
      [
        -4.468961715698242,
        3.319312810897827,
        0.0
      ],
      [
        -3.107100486755371,
        3.998894453048706,
        0.9045085310935974
      ],
      [
        -3.991133213043213,
        5.098481178283691,
        0.3454914391040802
      ],
      [
        -1.2412323951721191,
        5.098481178283691,
        0.34549158811569214
      ],
      [
        -2.1252670288085938,
        3.998894453048706,
        0.9045084714889526
      ],
      [
        -0.7634048461914062,
        3.319312810897827,
        0.0
      ],
      [
        0.5984563827514648,
        3.998894453048706,
        0.9045085310935974
      ],
      [
        -0.2570831775665283,
        5.2720947265625,
        0.3454914391040802
      ],
      [
        2.464324951171875,
        5.098481178283691,
        0.34549158811569214
      ],
      [
        1.5802898406982422,
        3.998894453048706,
        0.9045084714889526
      ],
      [
        2.9421520233154297,
        3.319312810897827,
        0.0
      ]
    ]
  ],
  "spline_radius_rows": [
    [
      0.19609999656677246,
      0.19609999656677246,
      0.19609999656677246,
      0.19609999656677246,
      0.19609999656677246,
      0.19609999656677246,
      0.19609999656677246,
      0.19609999656677246,
      0.19609999656677246,
      0.19609999656677246,
      0.19609999656677246
    ],
    [
      0.19609999656677246,
      0.19609999656677246,
      0.19609999656677246,
      0.19609999656677246,
      0.19609999656677246,
      0.19609999656677246,
      0.19609999656677246,
      0.19609999656677246,
      0.19609999656677246,
      0.19609999656677246,
      0.19609999656677246
    ],
    [
      0.19609999656677246,
      0.19609999656677246,
      0.19609999656677246,
      0.19609999656677246,
      0.19609999656677246,
      0.19609999656677246,
      0.19609999656677246,
      0.19609999656677246,
      0.19609999656677246,
      0.19609999656677246,
      0.19609999656677246
    ],
    [
      0.19609999656677246,
      0.19609999656677246,
      0.19609999656677246,
      0.19609999656677246,
      0.19609999656677246,
      0.19609999656677246,
      0.19609999656677246,
      0.19609999656677246,
      0.19609999656677246,
      0.19609999656677246,
      0.19609999656677246
    ]
  ],
  "gui_state": {
    "workflow_step": 1,
    "mode": "spline",
    "show_ref_bg": true,
    "ref_bg_alpha": 1.0,
    "ref_bg_lock_dimensions": true,
    "ref_bg_lock_zoom": false,
    "model_alpha": 1.0,
    "use_row_colors": true,
    "row_colors": [
      [
        0.21568627655506134,
        0.13725490868091583,
        0.0470588244497776
      ],
      [
        0.29411765933036804,
        0.47843137383461,
        0.6941176652908325
      ],
      [
        0.9725490212440491,
        0.9490196108818054,
        0.2862745225429535
      ],
      [
        0.7647058963775635,
        0.15294118225574493,
        0.13725490868091583
      ]
    ],
    "row_visible": [
      true,
      true,
      true,
      true
    ],
    "texture_ridge_strength": 0.35,
    "texture_ridge_scale": 7.0,
    "texture_fiber_strength": 0.25,
    "texture_fiber_scale": 28.0,
    "texture_noise_strength": 0.12,
    "texture_scale_x": 1.0,
    "texture_scale_y": 1.0,
    "texture_chevron_angle": 0.75,
    "texture_fiber_sharpness": 1.2,
    "texture_groove_darkness": 0.14,
    "texture_center_shadow": 0.08,
    "texture_gloss_strength": 0.14,
    "texture_highlight_width": 0.38,
    "texture_color_band_strength": 0.0,
    "texture_color_band_scale": 1.0,
    "texture_color_band_shift": 0.0,
    "texture_saturation": 1.0,
    "texture_contrast": 1.0,
    "texture_uv_blend": 1.0,
    "texture_fiber_rows": 9.0,
    "texture_fiber_row_width": 0.34,
    "texture_fiber_row_depth": 0.0,
    "texture_fiber_layer_count": 4.0,
    "texture_fiber_phase_jitter": 0.08,
    "texture_fibers_per_row": 5.0,
    "texture_sub_fiber_width": 0.3,
    "texture_sub_fiber_depth": 0.0,
    "texture_micro_fiber_strength": 0.12,
    "texture_micro_fiber_scale": 95.0,
    "texture_twist": 0.18,
    "render_light_intensity": 1.0199999809265137,
    "render_ao_strength": 0.0,
    "render_ao_radius": 0.009999999776482582,
    "mi_cam_dist_mult": 1.100000023841858,