{
  "format_version": 2,
  "params": {
    "stitch_bulge": 0.4020000100135803,
    "stitch_z": -0.4779999852180481,
    "dy": 1.3960000276565552,
    "radius": 0.295199990272522,
    "ellipse_ratio": 0.9277999997138977,
    "loop_height_1": 2.7360000610351562,
    "loop_height_2": 3.690000057220459,
    "loop_height_3": 5.6620001792907715,
    "loop_height_4": 6.0
  },
  "bitmap": [
    [
      1.0,
      1.0
    ],
    [
      1.0,
      1.0
    ],
    [
      1.0,
      1.0
    ],
    [
      1.0,
      1.0
    ]
  ],
  "spline_control_rows": [
    [
      [
        -3.686896800994873,
        -1.9763755798339844,
        0.0
      ],
      [
        -1.6420526504516602,
        -0.5257816314697266,
        0.43235504627227783
      ],
      [
        -3.604055404663086,
        1.8213286399841309,
        0.1651449203491211
      ],
      [
        0.917157769203186,
        1.821328043937683,
        0.16514497995376587
      ],
      [
        -1.0448453426361084,
        -0.5257818698883057,
        0.43235504627227783
      ],
      [
        1.0000001192092896,
        -1.9763755798339844,
        0.0
      ],
      [
        3.0448451042175293,
        -0.5257816314697266,
        0.43235504627227783
      ],
      [
        1.082842230796814,
        1.8213286399841309,
        0.1651449203491211
      ],
      [
        5.604055404663086,
        1.821328043937683,
        0.16514497995376587
      ],
      [
        3.642052173614502,
        -0.5257818698883057,
        0.43235504627227783
      ],
      [
        5.686896800994873,
        -1.9763755798339844,
        0.0
      ]
    ],
    [
      [
        -3.686896800994873,
        0.16591191291809082,
        0.0
      ],
      [
        -1.6420526504516602,
        1.6165056228637695,
        0.43235504627227783
      ],
      [
        -3.604055404663086,
        3.9636166095733643,
        0.1651449203491211
      ],
      [
        0.917157769203186,
        3.963615655899048,
        0.16514497995376587
      ],
      [
        -1.0448453426361084,
        1.6165056228637695,
        0.43235504627227783
      ],
      [
        1.0000001192092896,
        0.16591191291809082,
        0.0
      ],
      [
        2.833127975463867,
        1.5649957656860352,
        0.5823550224304199
      ],
      [
        1.082842230796814,
        3.9636166095733643,
        0.1651449203491211
      ],
      [
        5.604055404663086,
        3.963615655899048,
        0.16514497995376587
      ],
      [
        3.8548903465270996,
        1.7266044616699219,
        0.4334925413131714
      ],
      [
        5.686896800994873,
        0.16591191291809082,
        0.0
      ]
    ],
    [
      [
        -3.686896800994873,
        2.308199405670166,
        -0.7249998450279236
      ],
      [
        -1.6420526504516602,
        3.758793592453003,
        0.43235504627227783
      ],
      [
        -3.604055404663086,
        6.105903625488281,
        0.1651449203491211
      ],
      [
        0.23289591073989868,
        6.105903625488281,
        0.16514497995376587
      ],
      [
        -0.3951261043548584,
        3.6214332580566406,
        0.8233115673065186
      ],
      [
        1.2746727466583252,
        1.6214066743850708,
        -1.8514091968536377
      ],
      [
        3.0448451042175293,
        3.758793592453003,
        0.43235504627227783
      ],
      [
        1.9750950336456299,
        6.105903625488281,
        0.1651449203491211
      ],
      [
        5.604055404663086,
        6.105903625488281,
        0.16514497995376587
      ],
      [
        3.642052173614502,
        3.758793354034424,
        0.43235504627227783
      ],
      [
        5.686896800994873,
        2.308199405670166,
        0.0
      ]
    ],
    [
      [
        -3.686896800994873,
        4.4504876136779785,
        0.0
      ],
      [
        -1.6420526504516602,
        5.901081085205078,
        0.43235504627227783
      ],
      [
        -3.604055404663086,
        8.248191833496094,
        0.1651449203491211
      ],
      [
        0.917157769203186,
        8.248191833496094,
        0.16514497995376587
      ],
      [
        -1.0448453426361084,
        5.901080131530762,
        0.43235504627227783
      ],
      [
        1.0000001192092896,
        4.4504876136779785,
        0.0
      ],
      [
        3.8604559898376465,
        5.225165367126465,
        0.43591374158859253
      ],
      [
        1.082842230796814,
        8.248191833496094,
        0.1651449203491211
      ],
      [
        5.604055404663086,
        8.248191833496094,
        0.16514497995376587
      ],
      [
        3.642052173614502,
        5.901080131530762,
        0.43235504627227783
      ],
      [
        5.686896800994873,
        4.4504876136779785,
        0.0
      ]
    ]
  ],
  "gui_state": {
    "workflow_step": 7,
    "mode": "spline",
    "show_ref_bg": true,
    "ref_bg_alpha": 1.0,
    "ref_bg_lock_dimensions": true,
    "ref_bg_lock_zoom": false,
    "model_alpha": 1.0,
    "use_row_colors": true,
    "row_colors": [
      [
        0.21568627655506134,
        0.13725490868091583,
        0.0470588244497776
      ],
      [
        0.29411765933036804,
        0.47843137383461,
        0.6941176652908325
      ],
      [
        0.9725490212440491,
        0.9490196108818054,
        0.2862745225429535
      ],
      [
        0.7647058963775635,
        0.15294118225574493,
        0.13725490868091583
      ]
    ],
    "row_visible": [
      true,
      true,
      true,
      true
    ],
    "texture_ridge_strength": 0.35,
    "texture_ridge_scale": 7.0,
    "texture_fiber_strength": 0.25,
    "texture_fiber_scale": 28.0,
    "texture_noise_strength": 0.12,
    "texture_scale_x": 1.0,
    "texture_scale_y": 1.0,
    "texture_chevron_angle": 0.75,
    "texture_fiber_sharpness": 1.2,
    "texture_groove_darkness": 0.14,
    "texture_center_shadow": 0.08,
    "texture_gloss_strength": 0.14,
    "texture_highlight_width": 0.38,
    "texture_color_band_strength": 0.0,
    "texture_color_band_scale": 1.0,
    "texture_color_band_shift": 0.0,
    "texture_saturation": 1.0,
    "texture_contrast": 1.0,
    "texture_uv_blend": 1.0,
    "texture_fiber_rows": 9.0,
    "texture_fiber_row_width": 0.34,
    "texture_fiber_row_depth": 0.0,
    "texture_fiber_layer_count": 4.0,
    "texture_fiber_phase_jitter": 0.08,
    "texture_fibers_per_row": 5.0,
    "texture_sub_fiber_width": 0.3,
    "texture_sub_fiber_depth": 0.0,
    "texture_micro_fiber_strength": 0.12,
    "texture_micro_fiber_scale": 95.0,
    "texture_twist": 0.18,
    "render_light_intensity": 1.0199999809265137,
    "render_ao_strength": 0.5899999737739563,
    "render_ao_radius": 0.3499999940395355,
    "mi_cam_dist_mult": 1.100000023841858,
    "mi_cam_fov": 40.0,
    "view_fov": 45.0,
    "viewport_zoom": 1.0,
    "viewport_pan": [
      -39.0,
      19.0
    ],
    "samples_per_loop": 5,
    "display_copies": [
      0,
      0
    ],
    "auto_fix_spline_endpoints": true,
    "spline_keyboard_step": 0.025,
    "fiber_geometry_enabled": true,
    "fiber_geometry_count": 7,
    "fiber_geometry_radius_scale": 0.1899999976158142,
    "fiber_geometry_lift": 0.0,
    "fiber_geometry_surface_arc": 0.55,
    "fiber_geometry_randomness": 0.18,
    "fiber_geometry_twist": 0.0,
    "ref_bg_scale": [
      2.6500000953674316,
      2.6500000953674316
    ],
    "ref_bg_offset": [
      0.0,
      0.0
    ],
    "model_rot": [
      0.0,
      0.0,
      0.0
    ],
    "model_scale": [
      44.501617431640625,
      5.3132219314575195,
      3.2765116691589355
    ],
    "model_t": [
      -1.001982569694519,
      -4.46307373046875,
      0.38786154985427856
    ],
    "bitmap_size": [
      4,
      2
    ],
    "single_model_color": [
      0.8500000238418579,
      0.11999999731779099,
      0.10000000149011612
    ],
    "render_texture_color": [
      1.0,
      1.0,
      1.0
    ],