{
  "format_version": 2,
  "params": {
    "stitch_bulge": 0.28700000047683716,
    "stitch_z": -1.0,
    "dy": 1.2269999980926514,
    "radius": 0.18150000274181366,
    "ellipse_ratio": 1.0,
    "loop_height_1": 3.3440001010894775,
    "loop_height_2": 3.0
  },
  "bitmap": [
    [
      1.0
    ],
    [
      1.0
    ]
  ],
  "period_offset": [
    1.225743055343628,
    0.04121088981628418,
    -1.3772062063217163
  ],
  "spline_control_rows": [
    [
      [
        0.0,
        0.0,
        -0.0
      ],
      [
        0.36869436502456665,
        1.1553237438201904,
        0.9045085310935974
      ],
      [
        0.12704679369926453,
        3.024676561355591,
        0.3454914391040802
      ],
      [
        0.8729531764984131,
        3.0246763229370117,
        0.34549158811569214
      ],
      [
        0.6313055753707886,
        1.1553233861923218,
        0.9045084714889526
      ]
    ],
    [
      [
        0.0,
        1.2269999980926514,
        -0.0
      ],
      [
        0.36869436502456665,
        2.382323741912842,
        0.9045085310935974
      ],
      [
        0.12704679369926453,
        4.251676559448242,
        0.3454914391040802
      ],
      [
        0.8729531764984131,
        4.251676559448242,
        0.34549158811569214
      ],
      [
        0.6313055753707886,
        2.3823232650756836,
        0.9045084714889526
      ]
    ]
  ],
  "spline_radius_rows": [
    [
      0.18150000274181366,
      0.18150000274181366,
      0.18150000274181366,
      0.18150000274181366,
      0.18150000274181366
    ],
    [
      0.18150000274181366,
      0.18150000274181366,
      0.18150000274181366,
      0.18150000274181366,
      0.18150000274181366
    ]
  ],
  "gui_state": {
    "workflow_step": 1,
    "mode": "spline",
    "show_ref_bg": true,
    "ref_bg_alpha": 1.0,
    "ref_bg_lock_dimensions": true,
    "ref_bg_lock_zoom": false,
    "model_alpha": 1.0,
    "use_row_colors": false,
    "row_colors": [
      [
        0.85,
        0.12,
        0.1
      ],
      [
        0.95,
        0.82,
        0.2
      ]
    ],
    "row_visible": [
      true,
      true
    ],
    "texture_ridge_strength": 0.35,
    "texture_ridge_scale": 7.0,
    "texture_fiber_strength": 0.25,
    "texture_fiber_scale": 28.0,
    "texture_noise_strength": 0.12,
    "texture_scale_x": 1.0,
    "texture_scale_y": 1.0,
    "texture_chevron_angle": 0.75,
    "texture_fiber_sharpness": 1.2,
    "texture_groove_darkness": 0.14,
    "texture_center_shadow": 0.08,
    "texture_gloss_strength": 0.14,
    "texture_highlight_width": 0.38,
    "texture_color_band_strength": 0.0,
    "texture_color_band_scale": 1.0,
    "texture_color_band_shift": 0.0,
    "texture_saturation": 1.0,
    "texture_contrast": 1.0,
    "texture_uv_blend": 1.0,
    "texture_fiber_rows": 9.0,
    "texture_fiber_row_width": 0.34,
    "texture_fiber_row_depth": 0.0,
    "texture_fiber_layer_count": 4.0,
    "texture_fiber_phase_jitter": 0.08,
    "texture_fibers_per_row": 5.0,
    "texture_sub_fiber_width": 0.3,
    "texture_sub_fiber_depth": 0.0,
    "texture_micro_fiber_strength": 0.12,
    "texture_micro_fiber_scale": 95.0,
    "texture_twist": 0.18,
    "render_light_intensity": 1.0199999809265137,
    "render_ao_strength": 0.0,
    "render_ao_radius": 0.009999999776482582,
    "mi_cam_dist_mult": 1.100000023841858,
    "mi_cam_fov": 40.0,
    "view_fov": 45.0,
    "viewport_zoom": 1.0,
    "viewport_pan": [
      -39.0,
      19.0
    ],
    "samples_per_loop": 5,
    "display_copies": [
      1,
      1
    ],
    "auto_fix_spline_endpoints": true,
    "spline_keyboard_step": 0.025,
    "fiber_geometry_enabled": false,
    "fiber_geometry_count": 4,
    "fiber_geometry_radius_scale": 0.18,
    "fiber_geometry_lift": 0.0,
    "fiber_geometry_surface_arc": 0.55,
    "fiber_geometry_randomness": 0.18,
    "fiber_geometry_twist": 0.0,
    "ref_bg_scale": [
      2.6500000953674316,
      2.6500000953674316
    ],
    "ref_bg_offset": [
      0.0,
      0.0
    ],
    "model_rot": [
      0.0,
      0.0,
      0.0
    ],
    "model_scale": [
      1.0,
      1.0,
      1.0
    ],
    "model_t": [
      0.23246093094348907,
      0.1611545979976654,
      -0.19236159324645996
    ],
    "bitmap_size": [
      2,
      1
    ],
    "single_model_color": [
      0.8500000238418579,
      0.11999999731779099,
      0.10000000149011612
    ],
    "render_texture_color": [
      0.800000011920929,
      0.4000000059604645,
      0.30000001192092896
    ],
    "render_light_color": [
      1.0,
      1.0,
      1.0
    ],
    "camera_dist": 9.045951937909448,
    "camera_az": 0.0,
    "camera_el": 0.0,
    "camera_target": [
      0.0,
      0.0,
      0.0
    ]
  }
}