{
  "format_version": 2,
  "params": {
    "stitch_bulge": 0.2849999964237213,
    "stitch_z": -1.0,
    "dy": 0.593999981880188,
    "radius": 0.19609999656677246,
    "ellipse_ratio": 0.7250000238418579,
    "loop_height_1": 1.055999994277954,
    "loop_height_2": 1.8359999656677246,
    "loop_height_3": 4.274999618530273,
    "loop_height_4": 4.9629998207092285
  },
  "bitmap": [
    [
      1.0,
      1.0
    ],
    [
      1.0,
      1.0
    ],
    [
      0.0,
      1.0
    ],
    [
      1.0,
      0.0
    ]
  ],
  "spline_control_rows": [
    [
      [
        -1.7812073230743408,
        -1.6851362526745106,
        0.0
      ],
      [
        -0.759061393496296,
        -0.8886558732209267,
        0.9045085310935974
      ],
      [
        -1.4225736232061195,
        0.400076341818135,
        0.3454914391040802
      ],
      [
        0.6413663001317786,
        0.40007621169519325,
        0.34549158811569214
      ],
      [
        -0.02214609535091938,
        -0.8886560684053393,
        0.9045084714889526
      ],
      [
        1.0,
        -1.6851362526745106,
        0.0
      ],
      [
        2.022145929578045,
        -0.8886558732209267,
        0.9045085310935974
      ],
      [
        1.3586336998682214,
        0.400076341818135,
        0.3454914391040802
      ],
      [
        3.4225736232061195,
        0.40007621169519325,
        0.34549158811569214
      ],
      [
        2.759061061950547,
        -0.8886560684053393,
        0.9045084714889526
      ],
      [
        3.781207323074341,
        -1.6851362526745106,
        0.0
      ]
    ],
    [
      [
        -1.7812073230743408,
        -0.38837447620710464,
        0.0
      ],
      [
        -0.759061393496296,
        0.9964152101116497,
        0.9045085310935974
      ],
      [
        -1.4225736232061195,
        3.2370523716458592,
        0.3454914391040802
      ],
      [
        0.6413663001317786,
        3.237051851154092,
        0.34549158811569214
      ],
      [
        -0.02214609535091938,
        0.9964149498657662,
        0.9045084714889526
      ],
      [
        1.0,
        -0.38837447620710464,
        0.0
      ],
      [
        2.022145929578045,
        0.4081059683079502,
        0.9045085310935974
      ],
      [
        1.3586336998682214,
        1.696838118285541,
        0.3454914391040802
      ],
      [
        3.4225736232061195,
        1.696838118285541,
        0.34549158811569214
      ],
      [
        2.759061061950547,
        0.4081057080620667,
        0.9045084714889526
      ],
      [
        3.781207323074341,
        -0.38837447620710464,
        0.0
      ]
    ],
    [
      [
        -1.7812073230743408,
        0.9083873002603013,
        0.0
      ],
      [
        -1.224965850170829,
        0.9083873002603013,
        0.0
      ],
      [
        -0.668724377267317,
        0.9083873002603013,
        0.0
      ],
      [
        -0.11248302869346105,
        0.9083873002603013,
        0.0
      ],
      [
        0.44375856853970674,
        0.9083873002603013,
        0.0
      ],
      [
        1.0,
        0.9083873002603013,
        0.0
      ],
      [
        2.022145929578045,
        2.2931769865790557,
        0.9045085310935974
      ],
      [
        1.3586336998682214,
        4.533813887867382,
        0.3454914391040802
      ],
      [
        3.4225736232061195,
        4.533813887867382,
        0.34549158811569214
      ],
      [
        2.759061061950547,
        2.293176726333172,
        0.9045084714889526
      ],
      [
        3.781207323074341,
        0.9083873002603013,
        0.0
      ]
    ],
    [
      [
        -1.7812073230743408,
        2.2051490767277073,
        0.0
      ],
      [
        -0.759061393496296,
        3.0016292609968787,
        0.9045085310935974
      ],
      [
        -1.4225736232061195,
        4.290361671220353,
        0.3454914391040802
      ],
      [
        0.6413663001317786,
        4.290361671220353,
        0.34549158811569214
      ],
      [
        -0.02214609535091938,
        3.0016292609968787,
        0.9045084714889526
      ],
      [
        1.0,
        2.2051490767277073,
        0.0
      ],
      [
        1.5562415972331678,
        2.2051490767277073,
        0.0
      ],
      [
        2.1124828629205865,
        2.2051490767277073,
        0.0
      ],
      [
        2.6687241286080052,
        2.2051490767277073,
        0.0
      ],
      [
        3.224965725841173,
        2.2051490767277073,
        0.0
      ],
      [
        3.781207323074341,
        2.2051490767277073,
        0.0
      ]
    ]
  ],
  "spline_radius_rows": [
    [
      0.19609999656677246,
      0.19609999656677246,
      0.19609999656677246,
      0.19609999656677246,
      0.19609999656677246,
      0.19609999656677246,
      0.19609999656677246,
      0.19609999656677246,
      0.19609999656677246,
      0.19609999656677246,
      0.19609999656677246
    ],
    [
      0.19609999656677246,
      0.19609999656677246,
      0.19609999656677246,
      0.19609999656677246,
      0.19609999656677246,
      0.19609999656677246,
      0.19609999656677246,
      0.19609999656677246,
      0.19609999656677246,
      0.19609999656677246,
      0.19609999656677246
    ],
    [
      0.19609999656677246,
      0.19609999656677246,
      0.19609999656677246,
      0.19609999656677246,
      0.19609999656677246,
      0.19609999656677246,
      0.19609999656677246,
      0.19609999656677246,
      0.19609999656677246,
      0.19609999656677246,
      0.19609999656677246
    ],
    [
      0.19609999656677246,
      0.19609999656677246,
      0.19609999656677246,
      0.19609999656677246,
      0.19609999656677246,
      0.19609999656677246,
      0.19609999656677246,
      0.19609999656677246,
      0.19609999656677246,
      0.19609999656677246,
      0.19609999656677246
    ]
  ],
  "gui_state": {
    "workflow_step": 4,
    "mode": "spline",
    "show_ref_bg": true,
    "ref_bg_alpha": 1.0,
    "ref_bg_lock_dimensions": true,
    "ref_bg_lock_zoom": false,
    "model_alpha": 1.0,
    "use_row_colors": true,
    "row_colors": [
      [
        0.21568627655506134,
        0.13725490868091583,
        0.0470588244497776
      ],
      [
        0.29411765933036804,
        0.47843137383461,
        0.6941176652908325
      ],
      [
        0.9725490212440491,
        0.9490196108818054,
        0.2862745225429535
      ],
      [
        0.7647058963775635,
        0.15294118225574493,
        0.13725490868091583
      ]
    ],
    "row_visible": [
      true,
      true,
      true,
      true
    ],
    "texture_ridge_strength": 0.35,
    "texture_ridge_scale": 7.0,
    "texture_fiber_strength": 0.25,
    "texture_fiber_scale": 28.0,
    "texture_noise_strength": 0.12,
    "texture_scale_x": 1.0,
    "texture_scale_y": 1.0,
    "texture_chevron_angle": 0.75,
    "texture_fiber_sharpness": 1.2,
    "texture_groove_darkness": 0.14,
    "texture_center_shadow": 0.08,
    "texture_gloss_strength": 0.14,
    "texture_highlight_width": 0.38,
    "texture_color_band_strength": 0.0,
    "texture_color_band_scale": 1.0,
    "texture_color_band_shift": 0.0,
    "texture_saturation": 1.0,
    "texture_contrast": 1.0,
    "texture_uv_blend": 1.0,
    "texture_fiber_rows": 9.0,
    "texture_fiber_row_width": 0.34,
    "texture_fiber_row_depth": 0.0,
    "texture_fiber_layer_count": 4.0,
    "texture_fiber_phase_jitter": 0.08,
    "texture_fibers_per_row": 5.0,
    "texture_sub_fiber_width": 0.3,
    "texture_sub_fiber_depth": 0.0,
    "texture_micro_fiber_strength": 0.12,
    "texture_micro_fiber_scale": 95.0,
    "texture_twist": 0.18,
    "render_light_intensity": 1.0199999809265137,
    "render_ao_strength": 0.0,
    "render_ao_radius": 0.009999999776482582,
    "mi_cam_dist_mult": 1.100000023841858,
    "mi_cam_fov": 40.0,
    "view_fov": 45.0,
    "viewport_zoom": 1.0,