{
  "format_version": 2,
  "params": {
    "stitch_bulge": 0.4020000100135803,
    "stitch_z": -0.4779999852180481,
    "dy": 1.3960000276565552,
    "radius": 0.295199990272522,
    "ellipse_ratio": 0.9277999997138977,
    "loop_height_1": 2.7360000610351562,
    "loop_height_2": 3.690000057220459,
    "loop_height_3": 5.6620001792907715,
    "loop_height_4": 6.0
  },
  "bitmap": [
    [
      1.0,
      1.0
    ],
    [
      1.0,
      1.0
    ],
    [
      1.0,
      1.0
    ],
    [
      1.0,
      1.0
    ]
  ],
  "spline_control_rows": [
    [
      [
        -3.686896800994873,
        -1.1283373832702637,
        0.0
      ],
      [
        -1.6420526504516602,
        0.08162856101989746,
        0.43235504627227783
      ],
      [
        -3.604055404663086,
        2.0393943786621094,
        0.1651449203491211
      ],
      [
        0.917157769203186,
        2.039393901824951,
        0.16514497995376587
      ],
      [
        -1.0448453426361084,
        0.08162832260131836,
        0.43235504627227783
      ],
      [
        1.0000001192092896,
        -1.1283373832702637,
        0.0
      ],
      [
        3.0448451042175293,
        0.08162856101989746,
        0.43235504627227783
      ],
      [
        1.082842230796814,
        2.0393943786621094,
        0.1651449203491211
      ],
      [
        5.604055404663086,
        2.039393901824951,
        0.16514497995376587
      ],
      [
        3.642052173614502,
        0.08162832260131836,
        0.43235504627227783
      ],
      [
        5.686896800994873,
        -1.1283373832702637,
        0.0
      ]
    ],
    [
      [
        -3.686896800994873,
        0.6585822105407715,
        0.0
      ],
      [
        -1.6420526504516602,
        1.8685479164123535,
        0.43235504627227783
      ],
      [
        -3.604055404663086,
        3.8263142108917236,
        0.1651449203491211
      ],
      [
        0.917157769203186,
        3.8263134956359863,
        0.16514497995376587
      ],
      [
        -1.0448453426361084,
        1.8685479164123535,
        0.43235504627227783
      ],
      [
        1.0000001192092896,
        0.6585822105407715,
        0.0
      ],
      [
        2.833127975463867,
        1.8255826234817505,
        0.5823550224304199
      ],
      [
        1.082842230796814,
        3.8263142108917236,
        0.1651449203491211
      ],
      [
        5.604055404663086,
        3.8263134956359863,
        0.16514497995376587
      ],
      [
        3.8548903465270996,
        1.9603832960128784,
        0.4334925413131714
      ],
      [
        5.686896800994873,
        0.6585822105407715,
        0.0
      ]
    ],
    [
      [
        -3.686896800994873,
        2.4455018043518066,
        -0.7249998450279236
      ],
      [
        -1.6420526504516602,
        3.6554677486419678,
        0.43235504627227783
      ],
      [
        -3.604055404663086,
        5.61323356628418,
        0.1651449203491211
      ],
      [
        0.23289591073989868,
        5.6132330894470215,
        0.16514497995376587
      ],
      [
        -0.3951261043548584,
        3.540893077850342,
        0.8233115673065186
      ],
      [
        1.2746727466583252,
        1.8726359605789185,
        -1.8514091968536377
      ],
      [
        3.0448451042175293,
        3.6554677486419678,
        0.43235504627227783
      ],
      [
        1.9750950336456299,
        5.61323356628418,
        0.1651449203491211
      ],
      [
        5.604055404663086,
        5.6132330894470215,
        0.16514497995376587
      ],
      [
        3.642052173614502,
        3.6554675102233887,
        0.43235504627227783
      ],
      [
        5.686896800994873,
        2.4455018043518066,
        0.0
      ]
    ],
    [
      [
        -3.686896800994873,
        4.232421875,
        0.0
      ],
      [
        -1.6420526504516602,
        5.442387580871582,
        0.43235504627227783
      ],
      [
        -3.604055404663086,
        7.400153636932373,
        0.1651449203491211
      ],
      [
        0.917157769203186,
        7.400153160095215,
        0.16514497995376587
      ],
      [
        -1.0448453426361084,
        5.442386627197266,
        0.43235504627227783
      ],
      [
        1.0000001192092896,
        4.232421875,
        0.0
      ],
      [
        3.8604559898376465,
        4.878594398498535,
        0.43591374158859253
      ],
      [
        1.082842230796814,
        7.400153636932373,
        0.1651449203491211
      ],
      [
        5.604055404663086,
        7.400153160095215,
        0.16514497995376587
      ],
      [
        3.642052173614502,
        5.442386627197266,
        0.43235504627227783
      ],
      [
        5.686896800994873,
        4.232421875,
        0.0
      ]
    ]
  ],
  "gui_state": {
    "workflow_step": 7,
    "mode": "spline",
    "show_ref_bg": true,
    "ref_bg_alpha": 1.0,
    "ref_bg_lock_dimensions": true,
    "ref_bg_lock_zoom": false,
    "model_alpha": 1.0,
    "use_row_colors": true,
    "row_colors": [
      [
        0.21568627655506134,
        0.13725490868091583,
        0.0470588244497776
      ],
      [
        0.29411765933036804,
        0.47843137383461,
        0.6941176652908325
      ],
      [
        0.9725490212440491,
        0.9490196108818054,
        0.2862745225429535
      ],
      [
        0.7647058963775635,
        0.15294118225574493,
        0.13725490868091583
      ]
    ],
    "row_visible": [
      true,
      true,
      true,
      true
    ],
    "texture_ridge_strength": 0.35,
    "texture_ridge_scale": 7.0,
    "texture_fiber_strength": 0.25,
    "texture_fiber_scale": 28.0,
    "texture_noise_strength": 0.12,
    "texture_scale_x": 1.0,
    "texture_scale_y": 1.0,
    "texture_chevron_angle": 0.75,
    "texture_fiber_sharpness": 1.2,
    "texture_groove_darkness": 0.14,
    "texture_center_shadow": 0.08,
    "texture_gloss_strength": 0.14,
    "texture_highlight_width": 0.38,
    "texture_color_band_strength": 0.0,
    "texture_color_band_scale": 1.0,
    "texture_color_band_shift": 0.0,
    "texture_saturation": 1.0,
    "texture_contrast": 1.0,
    "texture_uv_blend": 1.0,
    "texture_fiber_rows": 9.0,
    "texture_fiber_row_width": 0.34,
    "texture_fiber_row_depth": 0.0,
    "texture_fiber_layer_count": 4.0,
    "texture_fiber_phase_jitter": 0.08,
    "texture_fibers_per_row": 5.0,
    "texture_sub_fiber_width": 0.3,
    "texture_sub_fiber_depth": 0.0,
    "texture_micro_fiber_strength": 0.12,
    "texture_micro_fiber_scale": 95.0,
    "texture_twist": 0.18,
    "render_light_intensity": 1.0199999809265137,
    "mi_cam_dist_mult": 1.100000023841858,
    "mi_cam_fov": 40.0,
    "view_fov": 45.0,
    "viewport_zoom": 1.0,
    "viewport_pan": [
      -39.0,
      19.0
    ],
    "samples_per_loop": 5,
    "display_copies": [
      0,
      0
    ],
    "auto_fix_spline_endpoints": true,
    "spline_keyboard_step": 0.025,
    "fiber_geometry_enabled": true,
    "fiber_geometry_count": 7,
    "fiber_geometry_radius_scale": 0.1899999976158142,
    "fiber_geometry_lift": 0.0,
    "fiber_geometry_surface_arc": 0.55,
    "fiber_geometry_randomness": 0.18,
    "fiber_geometry_twist": 0.0,
    "ref_bg_scale": [
      2.6500000953674316,
      2.6500000953674316
    ],
    "ref_bg_offset": [
      0.0,
      0.0
    ],
    "model_rot": [
      0.0,
      0.0,
      0.0
    ],
    "model_scale": [
      44.501617431640625,
      5.3132219314575195,
      3.2765116691589355
    ],
    "model_t": [
      -4.504999160766602,
      -0.30231091380119324,
      0.38786154985427856
    ],
    "bitmap_size": [
      4,
      2
    ],
    "single_model_color": [
      0.8500000238418579,
      0.11999999731779099,
      0.10000000149011612
    ],
    "render_texture_color": [
      1.0,
      1.0,
      1.0
    ],
    "render_light_color": [
      1.0,
      1.0,
      1.0
    ],
    "camera_dist": 21.721822697191147,