{
  "format_version": 2,
  "params": {
    "stitch_bulge": 0.289000004529953,
    "stitch_z": -1.0,
    "dy": 1.6970000267028809,
    "radius": 0.14100000262260437,
    "ellipse_ratio": 1.0,
    "loop_height_1": 3.0,
    "loop_height_2": 3.0
  },
  "bitmap": [
    [
      1.0
    ],
    [
      1.0
    ]
  ],
  "period_offset_x": [
    3.4321882724761963,
    0.11359084397554398,
    0.0
  ],
  "period_offset_y": [
    -0.6797559857368469,
    5.041942596435547,
    0.0
  ],
  "spline_control_rows": [
    [
      [
        0.6262569427490234,
        -1.417304515838623,
        0.12374365329742432
      ],
      [
        0.9524273872375488,
        -0.06873703002929688,
        1.3979954719543457
      ],
      [
        -0.6574869155883789,
        1.796156406402588,
        1.102112889289856
      ],
      [
        1.1511611938476562,
        2.1058952808380127,
        0.03514522314071655
      ],
      [
        1.7927669286727905,
        -0.5655117034912109,
        0.20671945810317993
      ]
    ],
    [
      [
        0.20616960525512695,
        0.8316035270690918,
        -0.11025887727737427
      ],
      [
        0.6599893569946289,
        1.910332441329956,
        1.2303177118301392
      ],
      [
        -1.0683221817016602,
        3.957035779953003,
        1.019620656967163
      ],
      [
        0.7631720304489136,
        4.3732523918151855,
        -0.007670998573303223
      ],
      [
        2.0000452995300293,
        2.0967953205108643,
        0.002174854278564453
      ]
    ]
  ],
  "spline_radius_rows": [
    [
      0.14100000262260437,
      0.14100000262260437,
      0.14100000262260437,
      0.14100000262260437,
      0.14100000262260437
    ],
    [
      0.14100000262260437,
      0.14100000262260437,
      0.14100000262260437,
      0.14100000262260437,
      0.14100000262260437
    ]
  ],
  "gui_state": {
    "workflow_step": 1,
    "mode": "spline",
    "show_ref_bg": true,
    "ref_bg_alpha": 1.0,
    "ref_bg_lock_dimensions": true,
    "ref_bg_lock_zoom": false,
    "model_alpha": 1.0,
    "use_row_colors": true,
    "row_colors": [
      [
        0.9921568632125854,
        0.9960784316062927,
        0.6000000238418579
      ],
      [
        0.8941176533699036,
        0.24313725531101227,
        0.23529411852359772
      ]
    ],
    "row_visible": [
      true,
      true
    ],
    "texture_ridge_strength": 0.35,
    "texture_ridge_scale": 7.0,
    "texture_fiber_strength": 0.25,
    "texture_fiber_scale": 28.0,
    "texture_noise_strength": 0.12,
    "texture_scale_x": 1.0,
    "texture_scale_y": 1.0,
    "texture_chevron_angle": 0.75,
    "texture_fiber_sharpness": 1.2,
    "texture_groove_darkness": 0.14,
    "texture_center_shadow": 0.08,
    "texture_gloss_strength": 0.14,
    "texture_highlight_width": 0.38,
    "texture_color_band_strength": 0.0,
    "texture_color_band_scale": 1.0,
    "texture_color_band_shift": 0.0,
    "texture_saturation": 1.0,
    "texture_contrast": 1.0,
    "texture_uv_blend": 1.0,
    "texture_fiber_rows": 9.0,
    "texture_fiber_row_width": 0.34,
    "texture_fiber_row_depth": 0.0,
    "texture_fiber_layer_count": 4.0,
    "texture_fiber_phase_jitter": 0.08,
    "texture_fibers_per_row": 5.0,
    "texture_sub_fiber_width": 0.3,
    "texture_sub_fiber_depth": 0.0,
    "texture_micro_fiber_strength": 0.12,
    "texture_micro_fiber_scale": 95.0,
    "texture_twist": 0.18,
    "render_light_intensity": 3.0,
    "render_ao_strength": 0.0,
    "render_ao_radius": 0.009999999776482582,
    "mi_cam_dist_mult": 1.100000023841858,
    "mi_cam_fov": 40.0,
    "view_fov": 45.0,
    "viewport_zoom": 1.0,
    "viewport_pan": [
      -39.0,
      19.0
    ],
    "samples_per_loop": 5,
    "display_copies": [
      1,
      0
    ],
    "auto_fix_spline_endpoints": true,
    "spline_keyboard_step": 0.025,
    "fiber_geometry_enabled": false,
    "fiber_geometry_count": 4,
    "fiber_geometry_radius_scale": 0.18,
    "fiber_geometry_lift": 0.0,
    "fiber_geometry_surface_arc": 0.55,
    "fiber_geometry_randomness": 0.18,
    "fiber_geometry_twist": 0.0,
    "ref_bg_scale": [
      2.6500000953674316,
      2.6500000953674316
    ],
    "ref_bg_offset": [
      0.0,
      0.0
    ],
    "model_rot": [
      0.0,
      0.0,
      0.0
    ],
    "model_scale": [
      1.0,
      1.0,
      1.0
    ],
    "model_t": [
      -1.2188174724578857,
      -2.2835276126861572,
      -0.665486216545105
    ],
    "bitmap_size": [
      2,
      1
    ],
    "single_model_color": [
      0.8500000238418579,
      0.11999999731779099,
      0.10000000149011612
    ],
    "render_texture_color": [
      0.800000011920929,
      0.4000000059604645,
      0.30000001192092896
    ],
    "render_light_color": [
      1.0,
      1.0,
      1.0
    ],
    "camera_dist": 14.526870092231261,
    "camera_az": 0.0,
    "camera_el": 0.0,
    "camera_target": [
      0.0,
      0.0,
      0.0
    ]
  }
}