{
  "format_version": 2,
  "params": {
    "stitch_bulge": 0.2849999964237213,
    "stitch_z": -1.0,
    "dy": 0.8560000061988831,
    "radius": 0.19609999656677246,
    "ellipse_ratio": 0.7250000238418579,
    "loop_height_1": 1.4249999523162842,
    "loop_height_2": 2.8499999046325684,
    "loop_height_3": 4.274999618530273,
    "loop_height_4": 4.9629998207092285
  },
  "bitmap": [
    [
      1.0,
      1.0
    ],
    [
      1.0,
      1.0
    ],
    [
      1.0,
      1.0
    ],
    [
      1.0,
      1.0
    ]
  ],
  "spline_control_rows": [
    [
      [
        -1.567486763580023,
        0.0,
        0.0
      ],
      [
        -0.6842962009749345,
        0.49232542514801025,
        0.9045085310935974
      ],
      [
        -1.139921850499808,
        1.2889245748519897,
        0.3454914391040802
      ],
      [
        0.5707026106967287,
        1.2889245748519897,
        0.34549158811569214
      ],
      [
        0.11507680824098221,
        0.4923252761363983,
        0.9045084714889526
      ],
      [
        0.9982675237769434,
        0.0,
        0.0
      ],
      [
        1.8814580863820316,
        0.49232542514801025,
        0.9045085310935974
      ],
      [
        1.4258325020318148,
        1.2889245748519897,
        0.3454914391040802
      ],
      [
        3.136456832879038,
        1.2889245748519897,
        0.34549158811569214
      ],
      [
        2.680831073016389,
        0.4923252761363983,
        0.9045084714889526
      ],
      [
        3.541870367774891,
        0.04454004764556885,
        0.0
      ]
    ],
    [
      [
        -1.567486763580023,
        0.8560000061988831,
        0.0
      ],
      [
        -0.6842962009749345,
        1.348325490951538,
        0.9045085310935974
      ],
      [
        -1.139921850499808,
        2.1449246406555176,
        0.3454914391040802
      ],
      [
        0.5707026106967287,
        2.1449246406555176,
        0.34549158811569214
      ],
      [
        0.11507680824098221,
        1.348325252532959,
        0.9045084714889526
      ],
      [
        0.9982675237769434,
        0.8560000061988831,
        0.0
      ],
      [
        1.8814580863820316,
        1.348325490951538,
        0.9045085310935974
      ],
      [
        1.4258325020318148,
        2.1449246406555176,
        0.3454914391040802
      ],
      [
        3.136456832879038,
        2.1449246406555176,
        0.34549158811569214
      ],
      [
        2.680831073016389,
        1.348325252532959,
        0.9045084714889526
      ],
      [
        3.5640218111339097,
        0.8560000061988831,
        0.0
      ]
    ],
    [
      [
        -1.567486763580023,
        1.7120000123977661,
        0.0
      ],
      [
        -0.6842962009749345,
        2.2043254375457764,
        0.9045085310935974
      ],
      [
        -1.139921850499808,
        3.000924587249756,
        0.3454914391040802
      ],
      [
        0.5707026106967287,
        3.000924587249756,
        0.34549158811569214
      ],
      [
        0.11507680824098221,
        2.2043251991271973,
        0.9045084714889526
      ],
      [
        0.9982675237769434,
        1.7120000123977661,
        0.0
      ],
      [
        1.8814580863820316,
        2.2043254375457764,
        0.9045085310935974
      ],
      [
        1.4258325020318148,
        3.000924587249756,
        0.3454914391040802
      ],
      [
        3.136456832879038,
        3.000924587249756,
        0.34549158811569214
      ],
      [
        2.680831073016389,
        2.2043251991271973,
        0.9045084714889526
      ],
      [
        3.3669652938842773,
        1.6809061765670776,
        -1.0499995946884155
      ]
    ],
    [
      [
        -1.567486763580023,
        2.568000078201294,
        -0.40000009536743164
      ],
      [
        -0.6842962009749345,
        3.0603256225585938,
        0.9045085310935974
      ],
      [
        -1.139921850499808,
        3.856924533843994,
        0.3454914391040802
      ],
      [
        0.5707026106967287,
        3.856924533843994,
        0.34549158811569214
      ],
      [
        0.11507680824098221,
        3.0603253841400146,
        0.9045084714889526
      ],
      [
        0.9982675237769434,
        2.568000078201294,
        0.0
      ],
      [
        1.8814580863820316,
        3.0603256225585938,
        0.9045085310935974
      ],
      [
        1.4258325020318148,
        3.856924533843994,
        0.3454914391040802
      ],
      [
        3.136456832879038,
        3.856924533843994,
        0.34549158811569214
      ],
      [
        2.680831073016389,
        3.0603253841400146,
        0.9045084714889526
      ],
      [
        3.5640218111339097,
        2.568000078201294,
        0.0
      ]
    ]
  ],
  "spline_radius_rows": [
    [
      0.19609999656677246,
      0.19609999656677246,
      0.19609999656677246,
      0.19609999656677246,
      0.19609999656677246,
      0.19609999656677246,
      0.19609999656677246,
      0.19609999656677246,
      0.19609999656677246,
      0.19609999656677246,
      0.19609999656677246
    ],
    [
      0.19609999656677246,
      0.19609999656677246,
      0.19609999656677246,
      0.19609999656677246,
      0.19609999656677246,
      0.19609999656677246,
      0.19609999656677246,
      0.19609999656677246,
      0.19609999656677246,
      0.19609999656677246,
      0.19609999656677246
    ],
    [
      0.19609999656677246,
      0.19609999656677246,
      0.19609999656677246,
      0.19609995186328888,
      0.19609934091567993,
      0.196092426776886,
      0.19604401290416718,
      0.19583474099636078,
      0.19529421627521515,
      0.19453056156635284,
      0.1941400021314621
    ],
    [
      0.19609999656677246,
      0.19609999656677246,
      0.19609999656677246,
      0.19609999656677246,
      0.19609999656677246,
      0.19609999656677246,
      0.19609999656677246,
      0.19609999656677246,
      0.19609999656677246,
      0.19609999656677246,
      0.19609999656677246
    ]
  ],
  "gui_state": {
    "workflow_step": 4,
    "mode": "spline",
    "show_ref_bg": true,
    "ref_bg_alpha": 1.0,
    "ref_bg_lock_dimensions": true,
    "ref_bg_lock_zoom": false,
    "model_alpha": 1.0,
    "use_row_colors": true,
    "row_colors": [
      [
        0.21568627655506134,
        0.13725490868091583,
        0.0470588244497776
      ],
      [
        0.29411765933036804,
        0.47843137383461,
        0.6941176652908325
      ],
      [
        0.9725490212440491,
        0.9490196108818054,
        0.2862745225429535
      ],
      [
        0.7647058963775635,
        0.15294118225574493,
        0.13725490868091583
      ]
    ],
    "row_visible": [
      true,
      true,
      true,
      true
    ],
    "texture_ridge_strength": 0.35,
    "texture_ridge_scale": 7.0,
    "texture_fiber_strength": 0.25,
    "texture_fiber_scale": 28.0,
    "texture_noise_strength": 0.12,
    "texture_scale_x": 1.0,
    "texture_scale_y": 1.0,
    "texture_chevron_angle": 0.75,
    "texture_fiber_sharpness": 1.2,
    "texture_groove_darkness": 0.14,
    "texture_center_shadow": 0.08,
    "texture_gloss_strength": 0.14,
    "texture_highlight_width": 0.38,
    "texture_color_band_strength": 0.0,
    "texture_color_band_scale": 1.0,
    "texture_color_band_shift": 0.0,
    "texture_saturation": 1.0,
    "texture_contrast": 1.0,
    "texture_uv_blend": 1.0,
    "texture_fiber_rows": 9.0,
    "texture_fiber_row_width": 0.34,
    "texture_fiber_row_depth": 0.0,
    "texture_fiber_layer_count": 4.0,
    "texture_fiber_phase_jitter": 0.08,
    "texture_fibers_per_row": 5.0,
    "texture_sub_fiber_width": 0.3,
    "texture_sub_fiber_depth": 0.0,
    "texture_micro_fiber_strength": 0.12,
    "texture_micro_fiber_scale": 95.0,
    "texture_twist": 0.18,
    "render_light_intensity": 1.0199999809265137,
    "render_ao_strength": 0.0,
    "render_ao_radius": 0.009999999776482582,