{
  "format_version": 2,
  "params": {
    "stitch_bulge": 0.25,
    "stitch_z": -0.7210000157356262,
    "dy": 1.1770000457763672,
    "radius": 0.2013999968767166,
    "ellipse_ratio": 1.0,
    "loop_height_1": 3.0,
    "loop_height_2": 3.0,
    "loop_height_3": 3.0,
    "loop_height_4": 3.0
  },
  "bitmap": [
    [
      1.0,
      1.0,
      1.0,
      1.0
    ],
    [
      1.0,
      1.0,
      1.0,
      1.0
    ],
    [
      1.0,
      1.0,
      1.0,
      1.0
    ],
    [
      1.0,
      1.0,
      1.0,
      1.0
    ]
  ],
  "period_offset_x": [
    4.13785457611084,
    0.0,
    0.0
  ],
  "period_offset_y": [
    0.0,
    4.708000183105469,
    0.0
  ],
  "spline_control_rows": [
    [
      [
        0.0,
        0.0,
        -0.0
      ],
      [
        0.3469462990760803,
        1.036474585533142,
        0.6521506905555725
      ],
      [
        0.16223588585853577,
        2.7135255336761475,
        0.24909932911396027
      ],
      [
        0.8377641439437866,
        2.7135252952575684,
        0.24909943342208862
      ],
      [
        0.6530536413192749,
        1.036474347114563,
        0.652150571346283
      ],
      [
        1.0,
        0.0,
        -0.0
      ],
      [
        1.3469462394714355,
        1.036474585533142,
        0.6521506905555725
      ],
      [
        1.1622358560562134,
        2.7135255336761475,
        0.24909932911396027
      ],
      [
        1.8377641439437866,
        2.7135252952575684,
        0.24909943342208862
      ],
      [
        1.653053641319275,
        1.036474347114563,
        0.652150571346283
      ],
      [
        2.0,
        0.0,
        -0.0
      ],
      [
        2.3469462394714355,
        1.036474585533142,
        0.6521506905555725
      ],
      [
        2.162235975265503,
        2.7135255336761475,
        0.24909932911396027
      ],
      [
        2.837764263153076,
        2.7135252952575684,
        0.24909943342208862
      ],
      [
        2.6530537605285645,
        1.036474347114563,
        0.652150571346283
      ],
      [
        3.0,
        0.0,
        -0.0
      ],
      [
        3.3469462394714355,
        1.036474585533142,
        0.6521506905555725
      ],
      [
        3.162235975265503,
        2.7135255336761475,
        0.24909932911396027
      ],
      [
        3.837764263153076,
        2.7135252952575684,
        0.24909943342208862
      ],
      [
        3.6530537605285645,
        1.036474347114563,
        0.652150571346283
      ]
    ],
    [
      [
        0.0,
        1.1770000457763672,
        -0.0
      ],
      [
        0.3469462990760803,
        2.213474750518799,
        0.6521506905555725
      ],
      [
        0.16223588585853577,
        3.8905255794525146,
        0.24909932911396027
      ],
      [
        0.8377641439437866,
        3.8905253410339355,
        0.24909943342208862
      ],
      [
        0.6530536413192749,
        2.2134742736816406,
        0.652150571346283
      ],
      [
        1.0,
        1.1770000457763672,
        -0.0
      ],
      [
        1.3469462394714355,
        2.213474750518799,
        0.6521506905555725
      ],
      [
        1.1622358560562134,
        3.8905255794525146,
        0.24909932911396027
      ],
      [
        1.8377641439437866,
        3.8905253410339355,
        0.24909943342208862
      ],
      [
        1.653053641319275,
        2.2134742736816406,
        0.652150571346283
      ],
      [
        2.0,
        1.1770000457763672,
        -0.0
      ],
      [
        2.3469462394714355,
        2.213474750518799,
        0.6521506905555725
      ],
      [
        2.162235975265503,
        3.8905255794525146,
        0.24909932911396027
      ],
      [
        2.837764263153076,
        3.8905253410339355,
        0.24909943342208862
      ],
      [
        2.6530537605285645,
        2.2134742736816406,
        0.652150571346283
      ],
      [
        3.0,
        1.1770000457763672,
        -0.0
      ],
      [
        3.3469462394714355,
        2.213474750518799,
        0.6521506905555725
      ],
      [
        3.162235975265503,
        3.8905255794525146,
        0.24909932911396027
      ],
      [
        3.837764263153076,
        3.8905253410339355,
        0.24909943342208862
      ],
      [
        3.6530537605285645,
        2.2134742736816406,
        0.652150571346283
      ]
    ],
    [
      [
        0.0,
        2.3540000915527344,
        -0.0
      ],
      [
        0.3469462990760803,
        3.390474796295166,
        0.6521506905555725
      ],
      [
        0.16223588585853577,
        5.067525863647461,
        0.24909932911396027
      ],
      [
        0.8377641439437866,
        5.067525386810303,
        0.24909943342208862
      ],
      [
        0.6530536413192749,
        3.390474319458008,
        0.652150571346283
      ],
      [
        1.0,
        2.3540000915527344,
        -0.0
      ],
      [
        1.3469462394714355,
        3.390474796295166,
        0.6521506905555725
      ],
      [
        1.1622358560562134,
        5.067525863647461,
        0.24909932911396027
      ],
      [
        1.8377641439437866,
        5.067525386810303,
        0.24909943342208862
      ],
      [
        1.653053641319275,
        3.390474319458008,
        0.652150571346283
      ],
      [
        2.0,
        2.3540000915527344,
        -0.0
      ],
      [
        2.3469462394714355,
        3.390474796295166,
        0.6521506905555725
      ],
      [
        2.162235975265503,
        5.067525863647461,
        0.24909932911396027
      ],
      [
        2.837764263153076,
        5.067525386810303,
        0.24909943342208862
      ],
      [
        2.6530537605285645,
        3.390474319458008,
        0.652150571346283
      ],
      [
        3.0,
        2.3540000915527344,
        -0.0
      ],
      [
        3.3469462394714355,
        3.390474796295166,
        0.6521506905555725
      ],
      [
        3.162235975265503,
        5.067525863647461,
        0.24909932911396027
      ],
      [
        3.837764263153076,
        5.067525386810303,
        0.24909943342208862
      ],
      [
        3.6530537605285645,
        3.390474319458008,
        0.652150571346283
      ]
    ],
    [
      [
        0.0,
        3.5310001373291016,
        -0.0
      ],
      [
        0.3469462990760803,
        4.567474842071533,
        0.6521506905555725
      ],
      [
        0.16223588585853577,
        6.244525909423828,
        0.24909932911396027
      ],
      [
        0.8377641439437866,
        6.24452543258667,
        0.24909943342208862
      ],
      [
        0.6530536413192749,
        4.567474365234375,
        0.652150571346283
      ],
      [
        1.0,
        3.5310001373291016,
        -0.0
      ],
      [
        1.3469462394714355,
        4.567474842071533,
        0.6521506905555725
      ],
      [
        1.1622358560562134,
        6.244525909423828,
        0.24909932911396027
      ],
      [
        1.8377641439437866,
        6.24452543258667,
        0.24909943342208862
      ],
      [
        1.653053641319275,
        4.567474365234375,
        0.652150571346283
      ],
      [
        2.0,
        3.5310001373291016,
        -0.0
      ],
      [
        2.3469462394714355,
        4.567474842071533,
        0.6521506905555725
      ],
      [
        2.162235975265503,
        6.244525909423828,
        0.24909932911396027
      ],
      [
        2.837764263153076,
        6.24452543258667,
        0.24909943342208862
      ],
      [
        2.6530537605285645,
        4.567474365234375,
        0.652150571346283
      ],
      [
        3.0,
        3.5310001373291016,
        -0.0
      ],
      [
        3.3469462394714355,
        4.567474842071533,
        0.6521506905555725
      ],
      [
        3.162235975265503,
        6.244525909423828,
        0.24909932911396027
      ],
      [
