{
  "format_version": 2,
  "params": {
    "stitch_bulge": 0.25,
    "stitch_z": -0.20000000298023224,
    "dy": 3.0,
    "radius": 0.10700000077486038,
    "ellipse_ratio": 1.0,
    "loop_height_1": 3.0,
    "loop_height_2": 3.0,
    "loop_height_3": 3.0
  },
  "bitmap": [
    [
      1.0,
      1.0
    ],
    [
      1.0,
      1.0
    ],
    [
      1.0,
      1.0
    ]
  ],
  "period_offset": [
    2.408663749694824,
    0.35931396484375,
    0.0
  ],
  "spline_control_rows": [
    [
      [
        0.0,
        0.0,
        0.0
      ],
      [
        0.4174254322892992,
        1.036474585533142,
        0.18090170621871948
      ],
      [
        0.19519269975693376,
        2.7135255336761475,
        0.06909828633069992
      ],
      [
        1.0079486677721405,
        2.7135252952575684,
        0.06909831613302231
      ],
      [
        0.7857158276705576,
        1.036474347114563,
        0.1809016913175583
      ],
      [
        1.2031413316726685,
        0.0,
        0.0
      ],
      [
        1.620566692249156,
        1.036474585533142,
        0.18090170621871948
      ],
      [
        1.3983339955731964,
        2.7135255336761475,
        0.06909828633069992
      ],
      [
        2.211089999444809,
        2.7135252952575684,
        0.06909831613302231
      ],
      [
        1.988857159343226,
        1.036474347114563,
        0.1809016913175583
      ]
    ],
    [
      [
        0.0,
        3.0,
        0.0
      ],
      [
        0.4174254322892992,
        4.036474704742432,
        0.18090170621871948
      ],
      [
        0.19519269975693376,
        5.713525772094727,
        0.06909828633069992
      ],
      [
        1.0079486677721405,
        5.713525295257568,
        0.06909831613302231
      ],
      [
        0.7857158276705576,
        4.036474227905273,
        0.1809016913175583
      ],
      [
        1.2031413316726685,
        3.0,
        0.0
      ],
      [
        1.620566692249156,
        4.036474704742432,
        0.18090170621871948
      ],
      [
        1.3983339955731964,
        5.713525772094727,
        0.06909828633069992
      ],
      [
        2.211089999444809,
        5.713525295257568,
        0.06909831613302231
      ],
      [
        1.988857159343226,
        4.036474227905273,
        0.1809016913175583
      ]
    ],
    [
      [
        0.0,
        6.0,
        0.0
      ],
      [
        0.4174254322892992,
        7.036474704742432,
        0.18090170621871948
      ],
      [
        0.19519269975693376,
        8.713525772094727,
        0.06909828633069992
      ],
      [
        1.0079486677721405,
        8.713525772094727,
        0.06909831613302231
      ],
      [
        0.7857158276705576,
        7.036474227905273,
        0.1809016913175583
      ],
      [
        1.2031413316726685,
        6.0,
        0.0
      ],
      [
        1.620566692249156,
        7.036474704742432,
        0.18090170621871948
      ],
      [
        1.3983339955731964,
        8.713525772094727,
        0.06909828633069992
      ],
      [
        2.211089999444809,
        8.713525772094727,
        0.06909831613302231
      ],
      [
        1.988857159343226,
        7.036474227905273,
        0.1809016913175583
      ]
    ]
  ],
  "spline_radius_rows": [
    [
      0.10700000077486038,
      0.10700000077486038,
      0.10700000077486038,
      0.10700000077486038,
      0.10700000077486038,
      0.10700000077486038,
      0.10700000077486038,
      0.10700000077486038,
      0.10700000077486038,
      0.10700000077486038
    ],
    [
      0.10700000077486038,
      0.10700000077486038,
      0.10700000077486038,
      0.10700000077486038,
      0.10700000077486038,
      0.10700000077486038,
      0.10700000077486038,
      0.10700000077486038,
      0.10700000077486038,
      0.10700000077486038
    ],
    [
      0.10700000077486038,
      0.10700000077486038,
      0.10700000077486038,
      0.10700000077486038,
      0.10700000077486038,
      0.10700000077486038,
      0.10700000077486038,
      0.10700000077486038,
      0.10700000077486038,
      0.10700000077486038
    ]
  ],
  "gui_state": {
    "workflow_step": 1,
    "mode": "spline",
    "show_ref_bg": true,
    "ref_bg_alpha": 1.0,
    "ref_bg_lock_dimensions": true,
    "ref_bg_lock_zoom": false,
    "model_alpha": 1.0,
    "use_row_colors": false,
    "row_colors": [
      [
        0.85,
        0.12,
        0.1
      ],
      [
        0.95,
        0.82,
        0.2
      ],
      [
        0.14,
        0.45,
        0.9
      ]
    ],
    "row_visible": [
      true,
      true,
      true
    ],
    "texture_ridge_strength": 0.35,
    "texture_ridge_scale": 7.0,
    "texture_fiber_strength": 0.25,
    "texture_fiber_scale": 28.0,
    "texture_noise_strength": 0.12,
    "texture_scale_x": 1.0,
    "texture_scale_y": 1.0,
    "texture_chevron_angle": 0.75,
    "texture_fiber_sharpness": 1.2,
    "texture_groove_darkness": 0.14,
    "texture_center_shadow": 0.08,
    "texture_gloss_strength": 0.14,
    "texture_highlight_width": 0.38,
    "texture_color_band_strength": 0.0,
    "texture_color_band_scale": 1.0,
    "texture_color_band_shift": 0.0,
    "texture_saturation": 1.0,
    "texture_contrast": 1.0,
    "texture_uv_blend": 1.0,
    "texture_fiber_rows": 9.0,
    "texture_fiber_row_width": 0.34,
    "texture_fiber_row_depth": 0.0,
    "texture_fiber_layer_count": 4.0,
    "texture_fiber_phase_jitter": 0.08,
    "texture_fibers_per_row": 5.0,
    "texture_sub_fiber_width": 0.3,
    "texture_sub_fiber_depth": 0.0,
    "texture_micro_fiber_strength": 0.12,
    "texture_micro_fiber_scale": 95.0,
    "texture_twist": 0.18,
    "render_light_intensity": 1.0199999809265137,
    "render_ao_strength": 0.0,
    "render_ao_radius": 0.009999999776482582,
    "mi_cam_dist_mult": 1.100000023841858,
    "mi_cam_fov": 40.0,
    "view_fov": 45.0,
    "viewport_zoom": 1.0,
    "viewport_pan": [
      -39.0,
      19.0
    ],
    "samples_per_loop": 5,
    "display_copies": [
      1,
      0
    ],
    "auto_fix_spline_endpoints": true,
    "spline_keyboard_step": 0.025,
    "fiber_geometry_enabled": false,
    "fiber_geometry_count": 4,
    "fiber_geometry_radius_scale": 0.18,
    "fiber_geometry_lift": 0.0,
    "fiber_geometry_surface_arc": 0.55,
    "fiber_geometry_randomness": 0.18,
    "fiber_geometry_twist": 0.0,
    "ref_bg_scale": [
      2.6500000953674316,
      2.6500000953674316
    ],
    "ref_bg_offset": [
      0.0,
      0.0
    ],
    "model_rot": [
      0.0,
      0.0,
      0.0
    ],
    "model_scale": [
      1.0,
      1.0,
      1.0
    ],
    "model_t": [
      -1.035780906677246,
      -4.387515068054199,
      -0.10000118613243103
    ],
    "bitmap_size": [
      3,
      2
    ],
    "single_model_color": [
      0.8500000238418579,
      0.11999999731779099,
      0.10000000149011612
    ],
    "render_texture_color": [
      0.800000011920929,
      0.4000000059604645,
      0.30000001192092896
    ],
    "render_light_color": [
      1.0,
      1.0,
      1.0
    ],
    "camera_dist": 12.50736124830999,
    "camera_az": 0.0,
    "camera_el": 0.0,
    "camera_target": [
      0.0,
      0.0,
      0.0
    ]
  }
}