{
  "format_version": 2,
  "params": {
    "stitch_bulge": 0.25,
    "stitch_z": -0.7210000157356262,
    "dy": 1.1770000457763672,
    "radius": 0.2013999968767166,
    "ellipse_ratio": 1.0,
    "loop_height_1": 3.0,
    "loop_height_2": 3.0,
    "loop_height_3": 3.0,
    "loop_height_4": 3.0
  },
  "bitmap": [
    [
      1.0,
      0.0,
      1.0,
      1.0
    ],
    [
      1.0,
      1.0,
      0.0,
      1.0
    ],
    [
      1.0,
      1.0,
      0.0,
      1.0
    ],
    [
      1.0,
      0.0,
      1.0,
      1.0
    ]
  ],
  "period_offset_x": [
    5.21007776260376,
    0.0,
    0.0
  ],
  "period_offset_y": [
    0.0,
    4.708000183105469,
    0.0
  ],
  "spline_control_rows": [
    [
      [
        -0.055795553736328586,
        0.10706745585675488,
        0.08608462250534477
      ],
      [
        0.3250056153864814,
        1.189848231705883,
        0.6460489094186249
      ],
      [
        0.17077735569480007,
        2.839065914479905,
        0.1450395910995005
      ],
      [
        0.8383030011280285,
        2.7985613286378537,
        0.06203440855642897
      ],
      [
        0.7069505205508242,
        1.0911150173743067,
        0.4504656598885425
      ],
      [
        1.0154778100920003,
        -0.0739142954218176,
        -0.03825006478697776
      ],
      [
        1.207895848760642,
        -0.11753858639161384,
        -0.012890776778057264
      ],
      [
        1.4057324994134612,
        -0.14575951315596367,
        0.0045566319177927014
      ],
      [
        1.6045186943349397,
        -0.15030196376819424,
        0.02280602083762406
      ],
      [
        1.8036540320923788,
        -0.13325096394862557,
        0.038895608131549284
      ],
      [
        1.999195578132743,
        -0.09835992831255505,
        0.04987653846240934
      ],
      [
        2.236708278740027,
        1.0061033478707584,
        0.6840947184639844
      ],
      [
        2.1138690720812074,
        2.689430192675318,
        0.28682599449584634
      ],
      [
        2.7866934970068824,
        2.6704955607895804,
        0.30776431363882406
      ],
      [
        2.622277062516257,
        0.9582059976760261,
        0.6291773637990341
      ],
      [
        3.0253052747573093,
        -0.07780153712931405,
        0.004691099828787401
      ],
      [
        3.328971495952638,
        0.9755057721414455,
        0.6462455972247592
      ],
      [
        3.1153017531201357,
        2.6768520749277664,
        0.29743685286045635
      ],
      [
        3.7804266054488567,
        2.741024124967495,
        0.38754501634045313
      ],
      [
        3.6275202691093695,
        1.0949151864860585,
        0.8578534912310964
      ]
    ],
    [
      [
        -0.09953340948603255,
        1.269857190897304,
        0.07854780749860106
      ],
      [
        0.3055014383210244,
        2.3449945649089288,
        0.6359749137027783
      ],
      [
        0.19685004784056487,
        4.0100524651773375,
        0.1572616163583651
      ],
      [
        0.8682893816868188,
        3.97053969299082,
        0.11311290521175878
      ],
      [
        0.6735510171735111,
        2.2650243322066808,
        0.4303980998680965
      ],
      [
        0.993542663723948,
        1.2305028714901876,
        -0.2373716431160076
      ],
      [
        1.3693627631863146,
        2.2485256455065925,
        0.42339807667936885
      ],
      [
        1.1865456039487707,
        3.954256643892994,
        0.11278106866358466
      ],
      [
        1.8598955127601515,
        3.974613634801448,
        0.10218459782887329
      ],
      [
        1.7457153710111522,
        2.3035704271957007,
        0.5672197568464611
      ],
      [
        2.0175409872249577,
        1.1364242327570993,
        0.056084668756250844
      ],
      [
        2.2091108237641603,
        1.0863954122391941,
        0.07680532445111865
      ],
      [
        2.4063711506790564,
        1.051427799657098,
        0.08939197170610919
      ],
      [
        2.605249154608156,
        1.038739699013561,
        0.10079902985759073
      ],
      [
        2.805262637556793,
        1.0484140039471654,
        0.1099009878767863
      ],
      [
        3.0018918081409787,
        1.0757351395339363,
        0.11254666064671966
      ],
      [
        3.290025927394091,
        2.2018941129864573,
        0.6770844631926858
      ],
      [
        3.162169804903938,
        3.9072735126519755,
        0.2911923697907049
      ],
      [
        3.8277728450589947,
        3.943796234100192,
        0.39248107473550103
      ],
      [
        3.611856258080322,
        2.2994089614950397,
        0.8477052376018667
      ]
    ],
    [
      [
        -0.0998704502934522,
        2.438343979718477,
        0.07306039992103835
      ],
      [
        0.31600439511033235,
        3.503727768824597,
        0.6403910792298192
      ],
      [
        0.2182192477150196,
        5.176553490334675,
        0.18351619640779512
      ],
      [
        0.8898574627034986,
        5.13672229253928,
        0.14381187170553328
      ],
      [
        0.6869410522568198,
        3.435658816613544,
        0.47434315263903937
      ],
      [
        1.0000741422696666,
        2.3962385866501363,
        -0.1889652558745034
      ],
      [
        1.3829274077850124,
        3.4158026158105668,
        0.46545934295862657
      ],
      [
        1.2079266379559883,
        5.118963757781588,
        0.14229701084900473
      ],
      [
        1.8812315093222445,
        5.1322032542251295,
        0.12364088100580935
      ],
      [
        1.7614156173793107,
        3.454116537629523,
        0.5650711323546469
      ],
      [
        2.03108299002557,
        2.2950725043866376,
        0.03752755182202505
      ],
      [
        2.2231270299854264,
        2.2461457674790357,
        0.05564646965850596
      ],
      [
        2.4207128197735064,
        2.2123909325235025,
        0.06582546695918519
      ],
      [
        2.6197602926030203,
        2.200877009159264,
        0.07491453951946524
      ],
      [
        2.8197989939352373,
        2.2116924512043994,
        0.08191393975868808
      ],
      [
        3.016302748922404,
        2.240055739842641,
        0.08253772866872487
      ],
      [
        3.310566050472502,
        3.367248940924197,
        0.6447644232595138
      ],
      [
        3.199280503355188,
        5.080311603946834,
        0.2762558997631842
      ],
      [
        3.8625444253211905,
        5.117666205571458,
        0.39437683411689844
      ],
      [
        3.624326515154358,
        3.479384702589034,
        0.8513572043609299
      ]
    ],
    [
      [
        -0.06253327138204261,
        3.650516605099018,
        0.04584602494885554
      ],
      [
        0.3245488217010786,
        4.736596754528208,
        0.5964506329669677
      ],
      [
        0.17108129444308792,
        6.392806386608022,
        0.10764455160471306
      ],
      [
        0.8403872076345801,
        6.362620106590279,
        0.03732103984337511
      ],
      [
        0.7192094974956257,
        4.662736503397061,
        0.45214840657346356
      ],
      [
        1.032056769762776,
        3.4924198809018967,
        -0.023205230349580542
      ],
      [
        1.2242100296725595,
        3.448558001340619,
        0.003966663290800615
      ],
      [
        1.421824566403109,
        3.4198791147567316,
        0.02296774162596084
      ],
      [
        1.6204741678070045,
        3.4149094337311747,
        0.04282908866999513
      ],
      [
        1.8195345619650727,
        3.4314418255001367,
        0.060360631618832705
      ],
      [
        2.0151198848495997,
        3.465971722911478,
        0.07285626445452704
      ],
      [
        2.2521486426793342,
        4.5671721255254605,
        0.7139918271772127
      ],
      [
