{
  "format_version": 2,
  "params": {
    "stitch_bulge": 0.4020000100135803,
    "stitch_z": -0.4779999852180481,
    "dy": 1.3960000276565552,
    "radius": 0.38199999928474426,
    "ellipse_ratio": 0.7089999914169312,
    "loop_height_1": 2.7360000610351562,
    "loop_height_2": 3.690000057220459,
    "loop_height_3": 5.6620001792907715,
    "loop_height_4": 6.0
  },
  "bitmap": [
    [
      1.0,
      1.0
    ],
    [
      1.0,
      1.0
    ],
    [
      1.0,
      1.0
    ],
    [
      1.0,
      1.0
    ]
  ],
  "spline_control_rows": [
    [
      [
        -3.888929843902588,
        -0.8717718528885143,
        0.0
      ],
      [
        -1.7559402650243214,
        0.320855388652717,
        0.4323550760746002
      ],
      [
        -3.802516637219753,
        2.250566903606,
        0.1651449054479599
      ],
      [
        0.9135867933171653,
        2.2505666027966527,
        0.16514497995376587
      ],
      [
        -1.1329901616841198,
        0.3208550878433698,
        0.43235504627227783
      ],
      [
        1.0,
        -0.8717718528885143,
        0.0
      ],
      [
        3.1329895788782665,
        0.320855388652717,
        0.4323550760746002
      ],
      [
        1.0864132066828347,
        2.250566903606,
        0.1651449054479599
      ],
      [
        5.802516637219753,
        2.2505666027966527,
        0.16514497995376587
      ],
      [
        3.755939682218468,
        0.3208550878433698,
        0.43235504627227783
      ],
      [
        5.888929843902588,
        -0.8717718528885143,
        0.0
      ]
    ],
    [
      [
        -3.888929843902588,
        0.8895416261429432,
        0.0
      ],
      [
        -1.7559402650243214,
        2.082168717279501,
        0.4323550760746002
      ],
      [
        -3.802516637219753,
        4.011880533042131,
        0.1651449054479599
      ],
      [
        0.9135867933171653,
        4.011879931423437,
        0.16514497995376587
      ],
      [
        -1.1329901616841198,
        2.082168717279501,
        0.43235504627227783
      ],
      [
        1.0,
        0.8895416261429432,
        0.0
      ],
      [
        3.1329895788782665,
        2.082168717279501,
        0.4323550760746002
      ],
      [
        1.0864132066828347,
        4.011880533042131,
        0.1651449054479599
      ],
      [
        5.802516637219753,
        4.011879931423437,
        0.16514497995376587
      ],
      [
        3.755939682218468,
        2.082168717279501,
        0.43235504627227783
      ],
      [
        5.888929843902588,
        0.8895416261429432,
        0.0
      ]
    ],
    [
      [
        -3.888929843902588,
        2.6508551051744007,
        0.0
      ],
      [
        -1.7559402650243214,
        3.843482346715632,
        0.4323550760746002
      ],
      [
        -3.802516637219753,
        5.773193861668915,
        0.1651449054479599
      ],
      [
        0.9135867933171653,
        5.7731932600502205,
        0.16514497995376587
      ],
      [
        -1.1329901616841198,
        3.843482045906285,
        0.43235504627227783
      ],
      [
        1.0,
        2.6508551051744007,
        0.0
      ],
      [
        3.1329895788782665,
        3.843482346715632,
        0.4323550760746002
      ],
      [
        1.0864132066828347,
        5.773193861668915,
        0.1651449054479599
      ],
      [
        5.802516637219753,
        5.7731932600502205,
        0.16514497995376587
      ],
      [
        3.755939682218468,
        3.843482045906285,
        0.43235504627227783
      ],
      [
        5.888929843902588,
        2.6508551051744007,
        0.0
      ]
    ],
    [
      [
        -3.888929843902588,
        4.412168734610532,
        0.0
      ],
      [
        -1.7559402650243214,
        5.604795976151763,
        0.4323550760746002
      ],
      [
        -3.802516637219753,
        7.534507791914393,
        0.1651449054479599
      ],
      [
        0.9135867933171653,
        7.534507190295699,
        0.16514497995376587
      ],
      [
        -1.1329901616841198,
        5.604795374533069,
        0.43235504627227783
      ],
      [
        1.0,
        4.412168734610532,
        0.0
      ],
      [
        3.1329895788782665,
        5.604795976151763,
        0.4323550760746002
      ],
      [
        1.0864132066828347,
        7.534507791914393,
        0.1651449054479599
      ],
      [
        5.802516637219753,
        7.534507190295699,
        0.16514497995376587
      ],
      [
        3.755939682218468,
        5.604795374533069,
        0.43235504627227783
      ],
      [
        5.888929843902588,
        4.412168734610532,
        0.0
      ]
    ]
  ],
  "gui_state": {
    "workflow_step": 1,
    "mode": "spline",
    "show_ref_bg": true,
    "ref_bg_alpha": 1.0,
    "ref_bg_lock_dimensions": true,
    "ref_bg_lock_zoom": false,
    "model_alpha": 1.0,
    "use_row_colors": true,
    "row_colors": [
      [
        0.21568627655506134,
        0.13725490868091583,
        0.0470588244497776
      ],
      [
        0.29411765933036804,
        0.47843137383461,
        0.6941176652908325
      ],
      [
        0.9725490212440491,
        0.9490196108818054,
        0.2862745225429535
      ],
      [
        0.7647058963775635,
        0.15294118225574493,
        0.13725490868091583
      ]
    ],
    "row_visible": [
      true,
      true,
      true,
      true
    ],
    "texture_ridge_strength": 0.35,
    "texture_ridge_scale": 7.0,
    "texture_fiber_strength": 0.25,
    "texture_fiber_scale": 28.0,
    "texture_noise_strength": 0.12,
    "texture_scale_x": 1.0,
    "texture_scale_y": 1.0,
    "texture_chevron_angle": 0.75,
    "texture_fiber_sharpness": 1.2,
    "texture_groove_darkness": 0.14,
    "texture_center_shadow": 0.08,
    "texture_gloss_strength": 0.14,
    "texture_highlight_width": 0.38,
    "texture_color_band_strength": 0.0,
    "texture_color_band_scale": 1.0,
    "texture_color_band_shift": 0.0,
    "texture_saturation": 1.0,
    "texture_contrast": 1.0,
    "render_light_intensity": 0.9,
    "mi_cam_dist_mult": 1.100000023841858,
    "mi_cam_fov": 40.0,
    "view_fov": 45.0,
    "viewport_zoom": 1.0,
    "viewport_pan": [
      -39.0,
      19.0
    ],
    "samples_per_loop": 5,
    "display_copies": [
      0,
      0
    ],
    "ref_bg_scale": [
      2.6500000953674316,
      2.6500000953674316
    ],
    "ref_bg_offset": [
      0.0,
      0.0
    ],
    "model_rot": [
      0.0,
      0.0,
      0.0
    ],
    "model_scale": [
      44.501617431640625,
      5.3132219314575195,
      3.2765116691589355
    ],
    "model_t": [
      -5.489489555358887,
      -3.1816389560699463,
      -0.29603636264801025
    ],
    "bitmap_size": [
      4,
      2
    ],
    "single_model_color": [
      0.8500000238418579,
      0.11999999731779099,
      0.10000000149011612
    ],
    "render_texture_color": [
      1.0,
      1.0,
      1.0
    ],
    "render_light_color": [
      1.0,
      1.0,
      1.0
    ],
    "camera_dist": 18.584304880681294,
    "camera_az": 0.0,
    "camera_el": 0.0,
    "camera_target": [
      0.0,
      0.0,
      0.0
    ]
  }
}