{
  "format_version": 2,
  "params": {
    "stitch_bulge": 0.28700000047683716,
    "stitch_z": -1.0,
    "dy": 1.2970000505447388,
    "radius": 0.5,
    "ellipse_ratio": 1.0,
    "loop_height_1": 2.4579999446868896,
    "loop_height_2": 4.081999778747559,
    "loop_height_3": 6.0,
    "loop_height_4": 3.0
  },
  "bitmap": [
    [
      1.0,
      1.0
    ],
    [
      1.0,
      1.0
    ],
    [
      0.0,
      1.0
    ],
    [
      1.0,
      0.0
    ]
  ],
  "period_offset": [
    8.353170394897461,
    -0.11481118202209473,
    -0.2294139713048935
  ],
  "spline_control_rows": [
    [
      [
        0.14258738321580955,
        0.7123479614568312,
        0.6310893934525081
      ],
      [
        0.8213150322254321,
        2.5877550680694412,
        0.8534789011814414
      ],
      [
        0.049245916798037116,
        2.821428621135666,
        -0.7472000073458561
      ],
      [
        3.0536415244953314,
        2.68892272489821,
        -0.3025753779869743
      ],
      [
        2.193629626318973,
        1.5452835165480623,
        0.8464269076050528
      ],
      [
        3.8431208136714674,
        0.6485116081973957,
        1.78543713862954
      ],
      [
        4.716217898618119,
        1.5507183892799457,
        3.407731544211339
      ],
      [
        4.951108290342871,
        2.979984849847053,
        2.25525605626151
      ],
      [
        7.54068373088631,
        1.1502061291832775,
        2.7377517505765168
      ],
      [
        6.438429898061555,
        0.17295461377328342,
        1.5806670200701536
      ]
    ],
    [
      [
        -0.20829871756968632,
        1.842851723528644,
        0.6438835651327848
      ],
      [
        0.5936177164479142,
        3.841805038763169,
        -0.613860042762958
      ],
      [
        1.4201052975241648,
        4.007136611382689,
        -3.2285770396204763
      ],
      [
        3.8718542125311033,
        4.602849165549306,
        -1.4018734274724227
      ],
      [
        2.8914681151408277,
        2.490494083977579,
        -0.2773967784411658
      ],
      [
        4.392508085726294,
        1.407852539811912,
        1.2911469791435162
      ],
      [
        4.775077824946635,
        2.877501545349038,
        2.7113682975389715
      ],
      [
        4.689775968245919,
        3.9580613365831154,
        1.172010761843826
      ],
      [
        7.491921917489891,
        3.232345445164083,
        2.3693630930839267
      ],
      [
        6.383660772481995,
        1.8544955082899643,
        2.0423398629054152
      ]
    ],
    [
      [
        -0.13257024542454796,
        2.7626064043852274,
        -0.2351842034634597
      ],
      [
        0.6666187351520635,
        2.699104428205548,
        -0.3316953195191207
      ],
      [
        1.4712184376045612,
        2.6417393519835963,
        -0.36220424497307707
      ],
      [
        2.273738275812139,
        2.587526264021059,
        -0.3857384924378429
      ],
      [
        3.0784749059766465,
        2.53665861492689,
        -0.4022453796342596
      ],
      [
        3.8838793643066487,
        2.5109862111522503,
        -0.3556550906785594
      ],
      [
        5.51125909754357,
        3.46327402442716,
        0.9861340163346101
      ],
      [
        5.086063911998031,
        6.033576509107575,
        1.3740630074211437
      ],
      [
        7.959924384256185,
        5.485158728956771,
        2.249335566469917
      ],
      [
        6.626255175712306,
        3.404473154902229,
        1.5456570094260604
      ]
    ],
    [
      [
        0.4174995089326787,
        3.754735784300194,
        -0.8249401523358798
      ],
      [
        1.4987691919739707,
        4.334435504591548,
        0.5407572762444417
      ],
      [
        0.14598942592251465,
        5.767651774561582,
        0.10566510807252416
      ],
      [
        3.0135602884455435,
        5.903012170296643,
        -1.0102198319313092
      ],
      [
        2.3828309114293713,
        3.791426881234133,
        -0.6968318717629626
      ],
      [
        4.380996390571996,
        3.44656897346639,
        -0.83699601602181
      ],
      [
        5.17960304023679,
        3.473075907487096,
        -0.915690924034726
      ],
      [
        5.983117753612174,
        3.5016978240388124,
        -0.9931081889709609
      ],
      [
        6.782947923403498,
        3.5314963400386064,
        -1.0675329129973168
      ],
      [
        7.589343815897989,
        3.562994226345854,
        -1.1400069497416088
      ]
    ]
  ],
  "spline_radius_rows": [
    [
      0.5000001788139343,
      0.5000001788139343,
      0.5000001788139343,
      0.5000001788139343,
      0.5000001788139343,
      0.5000001788139343,
      0.5000001788139343,
      0.5000001788139343,
      0.5000001788139343,
      0.5000001788139343
    ],
    [
      0.5000001788139343,
      0.5000001788139343,
      0.5000001788139343,
      0.5000001788139343,
      0.5000001788139343,
      0.5000001788139343,
      0.5000001788139343,
      0.5000001788139343,
      0.5000001788139343,
      0.5000001788139343
    ],
    [
      0.5000001788139343,
      0.5000001788139343,
      0.5000001788139343,
      0.5000001788139343,
      0.5000001788139343,
      0.5000001788139343,
      0.5000001788139343,
      0.5000001788139343,
      0.5000001788139343,
      0.5000001788139343
    ],
    [
      0.5000001788139343,
      0.5000001788139343,
      0.5000001788139343,
      0.5000001788139343,
      0.5000001788139343,
      0.5000001788139343,
      0.5000001788139343,
      0.5000001788139343,
      0.5000001788139343,
      0.5000001788139343
    ]
  ],
  "gui_state": {
    "workflow_step": 7,
    "mode": "spline",
    "show_ref_bg": true,
    "ref_bg_alpha": 1.0,
    "ref_bg_lock_dimensions": true,
    "ref_bg_lock_zoom": false,
    "model_alpha": 1.0,
    "use_row_colors": true,
    "row_colors": [
      [
        0.1725490242242813,
        0.09019608050584793,
        0.05882352963089943
      ],
      [
        0.1725490242242813,
        0.21568627655506134,
        0.4588235318660736
      ],
      [
        0.8470588326454163,
        0.21960784494876862,
        0.2235294133424759
      ],
      [
        0.9372549057006836,
        0.9176470637321472,
        0.32549020648002625
      ]
    ],
    "row_visible": [
      true,
      true,
      true,
      true
    ],
    "texture_ridge_strength": 0.35,
    "texture_ridge_scale": 7.0,
    "texture_fiber_strength": 0.25,
    "texture_fiber_scale": 28.0,
    "texture_noise_strength": 0.12,
    "texture_scale_x": 1.0,
    "texture_scale_y": 1.0,
    "texture_chevron_angle": 0.75,
    "texture_fiber_sharpness": 1.2,
    "texture_groove_darkness": 0.14,
    "texture_center_shadow": 0.08,
    "texture_gloss_strength": 0.14,
    "texture_highlight_width": 0.38,
    "texture_color_band_strength": 0.0,
    "texture_color_band_scale": 1.0,
    "texture_color_band_shift": 0.0,
    "texture_saturation": 1.0,
    "texture_contrast": 1.0,
    "texture_uv_blend": 1.0,
    "texture_fiber_rows": 9.0,
    "texture_fiber_row_width": 0.34,
    "texture_fiber_row_depth": 0.0,
    "texture_fiber_layer_count": 4.0,
    "texture_fiber_phase_jitter": 0.08,
    "texture_fibers_per_row": 5.0,
    "texture_sub_fiber_width": 0.3,
    "texture_sub_fiber_depth": 0.0,
    "texture_micro_fiber_strength": 0.12,
    "texture_micro_fiber_scale": 95.0,
    "texture_twist": 0.18,
    "render_light_intensity": 3.0,
    "render_ao_strength": 0.0,
    "render_ao_radius": 0.009999999776482582,
    "mi_cam_dist_mult": 1.100000023841858,
    "mi_cam_fov": 40.0,
    "view_fov": 45.0,
    "viewport_zoom": 1.0,
    "viewport_pan": [
      -39.0,
      19.0
    ],
    "samples_per_loop": 5,
    "display_copies": [
      0,
      0
    ],
    "auto_fix_spline_endpoints": true,
    "spline_keyboard_step": 0.025,
    "fiber_geometry_enabled": false,