{
  "format_version": 2,
  "params": {
    "stitch_bulge": 0.19200000166893005,
    "stitch_z": -0.8330000042915344,
    "dy": 0.8560000061988831,
    "radius": 0.19609999656677246,
    "ellipse_ratio": 0.7250000238418579,
    "loop_height_1": 1.4249999523162842,
    "loop_height_2": 2.8499999046325684,
    "loop_height_3": 4.274999618530273,
    "loop_height_4": 4.9629998207092285
  },
  "bitmap": [
    [
      1.0,
      1.0
    ],
    [
      1.0,
      1.0
    ],
    [
      1.0,
      1.0
    ],
    [
      1.0,
      1.0
    ]
  ],
  "spline_control_rows": [
    [
      [
        0.0,
        0.0,
        -0.0
      ],
      [
        0.3128547668457031,
        0.49232542514801025,
        0.753455638885498
      ],
      [
        0.21739715337753296,
        1.2889245748519897,
        0.2877943813800812
      ],
      [
        0.782602846622467,
        1.2889245748519897,
        0.2877945005893707
      ],
      [
        0.6871451735496521,
        0.4923252761363983,
        0.7534555792808533
      ],
      [
        1.0,
        0.0,
        -0.0
      ],
      [
        1.3128547668457031,
        0.49232542514801025,
        0.753455638885498
      ],
      [
        1.2173972129821777,
        1.2889245748519897,
        0.2877943813800812
      ],
      [
        1.7826027870178223,
        1.2889245748519897,
        0.2877945005893707
      ],
      [
        1.6871452331542969,
        0.4923252761363983,
        0.7534555792808533
      ],
      [
        2.0,
        0.0,
        0.0
      ]
    ],
    [
      [
        0.0,
        0.8560000061988831,
        -0.0
      ],
      [
        0.3128547668457031,
        1.8406507968902588,
        0.753455638885498
      ],
      [
        0.21739715337753296,
        3.4338490962982178,
        0.2877943813800812
      ],
      [
        0.782602846622467,
        3.4338490962982178,
        0.2877945005893707
      ],
      [
        0.6871451735496521,
        1.8406505584716797,
        0.7534555792808533
      ],
      [
        1.0,
        0.8560000061988831,
        -0.0
      ],
      [
        1.3128547668457031,
        1.8406507968902588,
        0.753455638885498
      ],
      [
        1.2173972129821777,
        3.4338490962982178,
        0.2877943813800812
      ],
      [
        1.7826027870178223,
        3.4338490962982178,
        0.2877945005893707
      ],
      [
        1.6871452331542969,
        1.8406505584716797,
        0.7534555792808533
      ],
      [
        2.0,
        0.8560000061988831,
        0.0
      ]
    ],
    [
      [
        0.0,
        1.7120000123977661,
        -0.0
      ],
      [
        0.3128547668457031,
        3.188976287841797,
        0.753455638885498
      ],
      [
        0.21739715337753296,
        5.578773498535156,
        0.2877943813800812
      ],
      [
        0.782602846622467,
        5.578773498535156,
        0.2877945005893707
      ],
      [
        0.6871451735496521,
        3.1889758110046387,
        0.7534555792808533
      ],
      [
        1.0,
        1.7120000123977661,
        -0.0
      ],
      [
        1.3128547668457031,
        3.188976287841797,
        0.753455638885498
      ],
      [
        1.2173972129821777,
        5.578773498535156,
        0.2877943813800812
      ],
      [
        1.7826027870178223,
        5.578773498535156,
        0.2877945005893707
      ],
      [
        1.6871452331542969,
        3.1889758110046387,
        0.7534555792808533
      ],
      [
        2.0,
        1.7120000123977661,
        0.0
      ]
    ],
    [
      [
        0.0,
        2.568000078201294,
        -0.0
      ],
      [
        0.3128547668457031,
        4.282674312591553,
        0.753455638885498
      ],
      [
        0.21739715337753296,
        7.057075500488281,
        0.2877943813800812
      ],
      [
        0.782602846622467,
        7.057075500488281,
        0.2877945005893707
      ],
      [
        0.6871451735496521,
        4.2826738357543945,
        0.7534555792808533
      ],
      [
        1.0,
        2.568000078201294,
        -0.0
      ],
      [
        1.3128547668457031,
        4.282674312591553,
        0.753455638885498
      ],
      [
        1.2173972129821777,
        7.057075500488281,
        0.2877943813800812
      ],
      [
        1.7826027870178223,
        7.057075500488281,
        0.2877945005893707
      ],
      [
        1.6871452331542969,
        4.2826738357543945,
        0.7534555792808533
      ],
      [
        2.0,
        2.568000078201294,
        0.0
      ]
    ]
  ],
  "spline_radius_rows": [
    [
      0.19609999656677246,
      0.19609999656677246,
      0.19609999656677246,
      0.19609999656677246,
      0.19609999656677246,
      0.19609999656677246,
      0.19609999656677246,
      0.19609999656677246,
      0.19609999656677246,
      0.19609999656677246,
      0.19609999656677246
    ],
    [
      0.19609999656677246,
      0.19609999656677246,
      0.19609999656677246,
      0.19609999656677246,
      0.19609999656677246,
      0.19609999656677246,
      0.19609999656677246,
      0.19609999656677246,
      0.19609999656677246,
      0.19609999656677246,
      0.19609999656677246
    ],
    [
      0.19609999656677246,
      0.19609999656677246,
      0.19609999656677246,
      0.19609999656677246,
      0.19609999656677246,
      0.19609999656677246,
      0.19609999656677246,
      0.19609999656677246,
      0.19609999656677246,
      0.19609999656677246,
      0.19609999656677246
    ],
    [
      0.19609999656677246,
      0.19609999656677246,
      0.19609999656677246,
      0.19609999656677246,
      0.19609999656677246,
      0.19609999656677246,
      0.19609999656677246,
      0.19609999656677246,
      0.19609999656677246,
      0.19609999656677246,
      0.19609999656677246
    ]
  ],
  "gui_state": {
    "workflow_step": 4,
    "mode": "spline",
    "show_ref_bg": true,
    "ref_bg_alpha": 1.0,
    "ref_bg_lock_dimensions": true,
    "ref_bg_lock_zoom": false,
    "model_alpha": 1.0,
    "use_row_colors": true,
    "row_colors": [
      [
        0.21568627655506134,
        0.13725490868091583,
        0.0470588244497776
      ],
      [
        0.29411765933036804,
        0.47843137383461,
        0.6941176652908325
      ],
      [
        0.9725490212440491,
        0.9490196108818054,
        0.2862745225429535
      ],
      [
        0.7647058963775635,
        0.15294118225574493,
        0.13725490868091583
      ]
    ],
    "row_visible": [
      true,
      true,
      true,
      true
    ],
    "texture_ridge_strength": 0.35,
    "texture_ridge_scale": 7.0,
    "texture_fiber_strength": 0.25,
    "texture_fiber_scale": 28.0,
    "texture_noise_strength": 0.12,
    "texture_scale_x": 1.0,
    "texture_scale_y": 1.0,
    "texture_chevron_angle": 0.75,
    "texture_fiber_sharpness": 1.2,
    "texture_groove_darkness": 0.14,
    "texture_center_shadow": 0.08,
    "texture_gloss_strength": 0.14,
    "texture_highlight_width": 0.38,
    "texture_color_band_strength": 0.0,
    "texture_color_band_scale": 1.0,
    "texture_color_band_shift": 0.0,
    "texture_saturation": 1.0,
    "texture_contrast": 1.0,
    "texture_uv_blend": 1.0,
    "texture_fiber_rows": 9.0,
    "texture_fiber_row_width": 0.34,
    "texture_fiber_row_depth": 0.0,
    "texture_fiber_layer_count": 4.0,
    "texture_fiber_phase_jitter": 0.08,
    "texture_fibers_per_row": 5.0,
    "texture_sub_fiber_width": 0.3,
    "texture_sub_fiber_depth": 0.0,
    "texture_micro_fiber_strength": 0.12,
    "texture_micro_fiber_scale": 95.0,
    "texture_twist": 0.18,
    "render_light_intensity": 1.0199999809265137,
    "render_ao_strength": 0.0,
    "render_ao_radius": 0.009999999776482582,
    "mi_cam_dist_mult": 1.100000023841858,
    "mi_cam_fov": 40.0,
    "view_fov": 45.0,
    "viewport_zoom": 1.0,
    "viewport_pan": [
      -39.0,
      19.0
    ],
    "samples_per_loop": 5,