{
  "format_version": 2,
  "params": {
    "stitch_bulge": 0.4020000100135803,
    "stitch_z": -0.4779999852180481,
    "dy": 1.3960000276565552,
    "radius": 0.38199999928474426,
    "ellipse_ratio": 0.7089999914169312,
    "loop_height_1": 2.7360000610351562,
    "loop_height_2": 3.690000057220459,
    "loop_height_3": 5.6620001792907715,
    "loop_height_4": 6.0
  },
  "bitmap": [
    [
      1.0,
      1.0
    ],
    [
      1.0,
      1.0
    ],
    [
      1.0,
      1.0
    ],
    [
      1.0,
      1.0
    ]
  ],
  "spline_control_rows": [
    [
      [
        -0.35104191303253174,
        0.0,
        0.0
      ],
      [
        0.23840371477091082,
        0.9452648162841797,
        0.4323550760746002
      ],
      [
        -0.32716186815652293,
        2.4747354984283447,
        0.1651449054479599
      ],
      [
        0.9761199551239912,
        2.4747352600097656,
        0.16514497995376587
      ],
      [
        0.41055421113981083,
        0.9452645778656006,
        0.43235504627227783
      ],
      [
        1.0,
        0.0,
        0.0
      ],
      [
        1.5894456278034426,
        0.9452648162841797,
        0.4323550760746002
      ],
      [
        1.0238800448760088,
        2.4747354984283447,
        0.1651449054479599
      ],
      [
        2.327161868156523,
        2.4747352600097656,
        0.16514497995376587
      ],
      [
        1.7615961241723426,
        0.9452645778656006,
        0.43235504627227783
      ],
      [
        2.3510419130325317,
        0.0,
        0.0
      ]
    ],
    [
      [
        -0.35104191303253174,
        1.3960000276565552,
        0.0
      ],
      [
        0.23840371477091082,
        2.3412647247314453,
        0.4323550760746002
      ],
      [
        -0.32716186815652293,
        3.8707356452941895,
        0.1651449054479599
      ],
      [
        0.9761199551239912,
        3.8707351684570312,
        0.16514497995376587
      ],
      [
        0.41055421113981083,
        2.3412647247314453,
        0.43235504627227783
      ],
      [
        1.0,
        1.3960000276565552,
        0.0
      ],
      [
        1.5894456278034426,
        2.3412647247314453,
        0.4323550760746002
      ],
      [
        1.0238800448760088,
        3.8707356452941895,
        0.1651449054479599
      ],
      [
        2.327161868156523,
        3.8707351684570312,
        0.16514497995376587
      ],
      [
        1.7615961241723426,
        2.3412647247314453,
        0.43235504627227783
      ],
      [
        2.3510419130325317,
        1.3960000276565552,
        0.0
      ]
    ],
    [
      [
        -0.35104191303253174,
        2.7920000553131104,
        0.0
      ],
      [
        0.23840371477091082,
        3.73726487159729,
        0.4323550760746002
      ],
      [
        -0.32716186815652293,
        5.266735553741455,
        0.1651449054479599
      ],
      [
        0.9761199551239912,
        5.266735076904297,
        0.16514497995376587
      ],
      [
        0.41055421113981083,
        3.737264633178711,
        0.43235504627227783
      ],
      [
        1.0,
        2.7920000553131104,
        0.0
      ],
      [
        1.5894456278034426,
        3.73726487159729,
        0.4323550760746002
      ],
      [
        1.0238800448760088,
        5.266735553741455,
        0.1651449054479599
      ],
      [
        2.327161868156523,
        5.266735076904297,
        0.16514497995376587
      ],
      [
        1.7615961241723426,
        3.737264633178711,
        0.43235504627227783
      ],
      [
        2.3510419130325317,
        2.7920000553131104,
        0.0
      ]
    ],
    [
      [
        -0.35104191303253174,
        4.188000202178955,
        0.0
      ],
      [
        0.23840371477091082,
        5.133265018463135,
        0.4323550760746002
      ],
      [
        -0.32716186815652293,
        6.662735939025879,
        0.1651449054479599
      ],
      [
        0.9761199551239912,
        6.662735462188721,
        0.16514497995376587
      ],
      [
        0.41055421113981083,
        5.133264541625977,
        0.43235504627227783
      ],
      [
        1.0,
        4.188000202178955,
        0.0
      ],
      [
        1.5894456278034426,
        5.133265018463135,
        0.4323550760746002
      ],
      [
        1.0238800448760088,
        6.662735939025879,
        0.1651449054479599
      ],
      [
        2.327161868156523,
        6.662735462188721,
        0.16514497995376587
      ],
      [
        1.7615961241723426,
        5.133264541625977,
        0.43235504627227783
      ],
      [
        2.3510419130325317,
        4.188000202178955,
        0.0
      ]
    ]
  ],
  "gui_state": {
    "workflow_step": 1,
    "mode": "spline",
    "show_ref_bg": true,
    "ref_bg_alpha": 1.0,
    "ref_bg_lock_dimensions": true,
    "ref_bg_lock_zoom": false,
    "model_alpha": 1.0,
    "use_row_colors": true,
    "row_colors": [
      [
        0.21568627655506134,
        0.13725490868091583,
        0.0470588244497776
      ],
      [
        0.29411765933036804,
        0.47843137383461,
        0.6941176652908325
      ],
      [
        0.9725490212440491,
        0.9490196108818054,
        0.2862745225429535
      ],
      [
        0.7647058963775635,
        0.15294118225574493,
        0.13725490868091583
      ]
    ],
    "row_visible": [
      true,
      true,
      true,
      true
    ],
    "texture_ridge_strength": 0.35,
    "texture_ridge_scale": 7.0,
    "texture_fiber_strength": 0.25,
    "texture_fiber_scale": 28.0,
    "texture_noise_strength": 0.12,
    "texture_scale_x": 1.0,
    "texture_scale_y": 1.0,
    "texture_chevron_angle": 0.75,
    "texture_fiber_sharpness": 1.2,
    "texture_groove_darkness": 0.14,
    "texture_center_shadow": 0.08,
    "texture_gloss_strength": 0.14,
    "texture_highlight_width": 0.38,
    "texture_color_band_strength": 0.0,
    "texture_color_band_scale": 1.0,
    "texture_color_band_shift": 0.0,
    "texture_saturation": 1.0,
    "texture_contrast": 1.0,
    "render_light_intensity": 0.9,
    "mi_cam_dist_mult": 1.100000023841858,
    "mi_cam_fov": 40.0,
    "view_fov": 45.0,
    "viewport_zoom": 1.0,
    "viewport_pan": [
      -39.0,
      19.0
    ],
    "samples_per_loop": 5,
    "display_copies": [
      0,
      0
    ],
    "ref_bg_scale": [
      2.6500000953674316,
      2.6500000953674316
    ],
    "ref_bg_offset": [
      0.0,
      0.0
    ],
    "model_rot": [
      0.0,
      0.0,
      0.0
    ],
    "model_scale": [
      44.501617431640625,
      5.3132219314575195,
      3.2765116691589355
    ],
    "model_t": [
      -0.5787495374679565,
      -3.388401746749878,
      -0.2297014594078064
    ],
    "bitmap_size": [
      4,
      2
    ],
    "single_model_color": [
      0.8500000238418579,
      0.11999999731779099,
      0.10000000149011612
    ],
    "render_texture_color": [
      1.0,
      1.0,
      1.0
    ],
    "render_light_color": [
      1.0,
      1.0,
      1.0
    ],
    "camera_dist": 18.584304880681294,
    "camera_az": 0.0,
    "camera_el": 0.0,
    "camera_target": [
      0.0,
      0.0,
      0.0
    ]
  }
}